Video	title	url	content1	content_map1	format1	format_map1	content2	content_map2	format2	format_map2	is_embeddable
YaleCourses_QY8bMAXklEU	24. Capitalist Enterprise and Clean Water for a Bolivian City	https://www.youtube.com/watch?v=QY8bMAXklEU	edu.business.economics	economics	talkinghead.frameregular	presenter-center	edu.social.history	history	classroom	classroom	True
CNN_US_News_F6gFP9gbVAw	Former Trump attorney: SCOTUS decision may stop Trump's Jan. 6 trial from happening before election	https://www.youtube.com/watch?v=F6gFP9gbVAw	news.politics	geopolitical-news	talkinghead.frameregular	presenter-center	news.domestic	domestic-news	paneldiscussion.virtual	paneldiscussion-virtual	True
60_Minutes_Pc-rWN-k4Xo	"60 Minutes Archive: NSO Group's ""Pegasus"""	https://www.youtube.com/watch?v=Pc-rWN-k4Xo	news.international	geopolitical-news	docustyle	documentary	news.politics	geopolitical-news	talkinghead.frameregular	presenter-center	True
RottenTomatoes_fgq0ecMHfzc	Starship Troopers (1997) - Bugs! Bugs! We've Got Bugs! Scene (5/8) | Movieclips	https://www.youtube.com/watch?v=fgq0ecMHfzc	entertainment.movies.clips	movies	docustyle	documentary	entertainment.movies.review	movies	pov.realworld	firstperson-pov	True
Conan_OBrien_Y5cqVDOykOA	"The ""Late Night"" Christmas Lighting Spectacular | Late Night with Conan O‚ÄôBrien"	https://www.youtube.com/watch?v=Y5cqVDOykOA	entertainment.variety.latenight	talkshows	talkinghead.frameregular	presenter-center	entertainment.variety.talkshow	talkshows	persononstage	presenter-onstage	True
RottenTomatoes_yBBKcecvEcM	Major League (8/10) Movie CLIP - The Cleveland Wave (1989) HD	https://www.youtube.com/watch?v=yBBKcecvEcM	entertainment.movies.clips	movies	docustyle	documentary	entertainment.sports.team	sports	talkinghead.framecorner	presenter-corner	True
Dope_tsLIeBoUoWw	10 of the Tiniest Products That Actually Work on Wish.com!	https://www.youtube.com/watch?v=tsLIeBoUoWw	misc.productreview	product-reviews	conversation.casual	talkshows	vlog.daily	vlog	talkinghead.frameregular	presenter-center	True
Law_Crime_Network_hO5wz6kWirY	Woman Who Killed Stepdad After Finding Her Nude Photos On His Laptop Sent To Prison	https://www.youtube.com/watch?v=hO5wz6kWirY	edu.social.law	law	docustyle	documentary	edu.humanities.ethics	humanities	talkinghead.frameregular	presenter-center	True
Key_Peele_mOyE_l80D4Y	This Superhero Squad Has a Discrimination Problem (feat. Brenda Song & Rob Huebel) - Key & Peele	https://www.youtube.com/watch?v=mOyE_l80D4Y	entertainment.comedy.sketch	comedy	skit	skit	entertainment.comedy.parody	comedy	animated.graphics	animation-graphics	True
TED_Xe2nlti47kA	Linda Cliatt-Wayman: How to fix a broken school? Lead fearlessly, love hard	https://www.youtube.com/watch?v=Xe2nlti47kA	edu.education.pedagogy.teachingprinciples	teaching	talkinghead.frameregular	presenter-center	growth.careerdevelopment	selfhelp	persononstage	presenter-onstage	True
Not_Another_Cooking_Show_tKzI-b4O4Do	Making Rigatoni By Hand Is Easier Than You Think	https://www.youtube.com/watch?v=tKzI-b4O4Do	skills.culinary.cooking	culinary	practicaldemonstration.cooking	cooking	lifestyle.food	lifestyle	talkinghead.framecorner	presenter-corner	True
YaleCourses_KBSOn0MSrk8	Lecture 5. Critical Approaches to the Bible: Introduction to Genesis 12-50	https://www.youtube.com/watch?v=KBSOn0MSrk8	edu.humanities.religion	humanities	classroom	classroom	religious.guidelines	religion	persononstage	presenter-onstage	True
MIT_OpenCourseWare_vxOO8cIn398	Lecture 4: Morphology, Part 3	https://www.youtube.com/watch?v=vxOO8cIn398	language.teachinglanguage	teaching	classroom	classroom	language.internationallanguage	languages	talkinghead.frameregular	presenter-center	True
RottenTomatoes_BHFoI47tc9A	Serendipity (11/12) Movie CLIP - Living Obituary (2001) HD	https://www.youtube.com/watch?v=BHFoI47tc9A	entertainment.movies.clips	movies	docustyle	documentary	edu.humanities.philosophy	humanities	animated.graphics	animation-graphics	True
Not_Another_Cooking_Show_Zwhi5A0GFKM	How To Make A Great Martini at Home	https://www.youtube.com/watch?v=Zwhi5A0GFKM	lifestyle.food	lifestyle	practicaldemonstration.cooking	cooking	skills.culinary.cooking	culinary	talkinghead.frameregular	presenter-center	True
The_Late_Show_Stephen_Colbert_bnh8IGYjw_4	The Establishment covers Matt Gaetz's underage sex scandal	https://www.youtube.com/watch?v=bnh8IGYjw_4	entertainment.variety.talkshow	talkshows	paneldiscussion.virtual	paneldiscussion-virtual	entertainment.variety.latenight	talkshows	talkinghead.framecorner	presenter-corner	True
RottenTomatoes_85O_vS9vSCA	Get Out (2017) - Saved by Cotton Scene (8/10) | Movieclips	https://www.youtube.com/watch?v=85O_vS9vSCA	entertainment.movies.clips	movies	docustyle	documentary	entertainment.movies.review	movies	pov.realworld	firstperson-pov	True
MIT_OpenCourseWare_XRdJ5mXBo8A	18. Language I	https://www.youtube.com/watch?v=XRdJ5mXBo8A	edu.medicine.neurology	medicine	talkinghead.frameregular	presenter-center	edu.stem.neuroscience	neurosci	classroom	classroom	True
Lex_Fridman_rIAZJNe7YtE	Eric Weinstein: Geometric Unity and the Call for New Ideas & Institutions | Lex Fridman Podcast #88	https://www.youtube.com/watch?v=rIAZJNe7YtE	edu.stem.physics.quantum	physics	conversation.podcast	podcast	edu.stem.physics.relativity	physics	conversation.formal	formal-interview	True
RottenTomatoes_jqzWdcoq1Lc	Beasts Of The Southern Wild CLIP #1 (2012) Sundance Movie HD	https://www.youtube.com/watch?v=jqzWdcoq1Lc	entertainment.movies.clips	movies	docustyle	documentary	entertainment.drama.shortfilm	drama	practicaldemonstration.cooking	cooking	True
Seth_Meyers_8gRcvFpV1eo	"Ryan Reynolds Played ""Let's Get It On"" While Blake Lively Was in Labor - Late Night with Seth Meyers"	https://www.youtube.com/watch?v=8gRcvFpV1eo	entertainment.variety.talkshow	talkshows	conversation.formal	formal-interview	entertainment.variety.latenight	talkshows	persononstage	presenter-onstage	True
French_Cooking_Academy_ZDX4FDZlcT4	Patreon Page Is Live  ( Would Love You To Support My work)	https://www.youtube.com/watch?v=ZDX4FDZlcT4	skills.culinary.cooking	culinary	talkinghead.frameregular	presenter-center	vlog.daily	vlog	vlog	vlog	True
Khan_Academy_XxP6auFa44M	Eulers formula magnitude	https://www.youtube.com/watch?v=XxP6auFa44M	edu.stem.math.trigonometry	math	writing.stylus	writing-cursor	edu.stem.math.calculus	math	animated.graphics	animation-graphics	True
MIT_OpenCourseWare_8C_T4iTzPCU	14. Incremental Improvement: Matching	https://www.youtube.com/watch?v=8C_T4iTzPCU	edu.stem.engineering.computerscience	computersci	classroom	classroom	edu.stem.math.gametheory	math	board.chalkboard	chalkboard	True
NileRed_saANxD0cqy0	Making my favorite liquid carcinogen	https://www.youtube.com/watch?v=saANxD0cqy0	edu.stem.engineering.chemical	engineering	practicaldemonstration.science	experiments-science	edu.stem.chemistry.organic	chemistry	animated.info	animation-infographic	True
MIT_OpenCourseWare_f6Z99Gu6XEE	26. Chemical and Biological Oxidations	https://www.youtube.com/watch?v=f6Z99Gu6XEE	edu.stem.chemistry.biochemistry	chemistry	slides	powerpoint-slides	edu.stem.chemistry.physical	chemistry	talkinghead.frameregular	presenter-center	True
Jimmy_Fallon_Jr2y7VKX4LE	Carey Mulligan's Mother Gave Her a Strange Pre-Oscars Gift | The Tonight Show Starring Jimmy Fallon	https://www.youtube.com/watch?v=Jr2y7VKX4LE	entertainment.variety.talkshow	talkshows	talkinghead.frameregular	presenter-center	entertainment.variety.latenight	talkshows	persononstage	presenter-onstage	True
Cooking_With_Claudia_kdaa55R8seY	Homemade Lasagna Recipe -- How to make the best Italian Lasagna	https://www.youtube.com/watch?v=kdaa55R8seY	skills.culinary.cooking	culinary	practicaldemonstration.cooking	cooking	lifestyle.food	lifestyle	talkinghead.frameregular	presenter-center	True
Sam_the_Cooking_Guy_aaIsnoDSY24	THE BEST STEAK + EGGS + POTATOES BREAKFAST | SAM THE COOKING GUY	https://www.youtube.com/watch?v=aaIsnoDSY24	skills.culinary.cooking	culinary	practicaldemonstration.cooking	cooking	lifestyle.food	lifestyle	talkinghead.frameregular	presenter-center	True
Andy_Cooks_7hIJDOohas8	Make Juicy Drunken Chicken at Home with Smash Cucumber Salad and Rice - Nice!	https://www.youtube.com/watch?v=7hIJDOohas8	skills.culinary.cooking	culinary	practicaldemonstration.cooking	cooking	lifestyle.food	lifestyle	talkinghead.frameregular	presenter-center	True
RealLifeLore_ZLyUeKa2jzY	How Putin's Invasion is Changing Our World Forever	https://www.youtube.com/watch?v=ZLyUeKa2jzY	news.international	geopolitical-news	animated.info	animation-infographic	edu.social.politics	politics	animated.graphics	animation-graphics	True
OxfordUnion_rSEvrpkUiLI	Christine Jiang | Celebrity Icons & Feminism Debate | Proposition (1/6)	https://www.youtube.com/watch?v=rSEvrpkUiLI	edu.social.sociology	sociology	talkinghead.frameregular	presenter-center	edu.social.politics	politics	classroom	classroom	True
SmarterEveryDay_SYFuA3xnkUE	How to Poop on a Nuclear Submarine - Smarter Every Day 256	https://www.youtube.com/watch?v=SYFuA3xnkUE	misc.productreview	product-reviews	docustyle	documentary	edu.stem.engineering.systemsengineering	engineering	vlog	vlog	True
MIT_OpenCourseWare_kIErDkOepts	Lec 11 | MIT 6.033 Computer System Engineering, Spring 2005	https://www.youtube.com/watch?v=kIErDkOepts	edu.stem.engineering.computerscience	computersci	classroom	classroom	edu.stem.engineering.systemsengineering	engineering	board.chalkboard	chalkboard	True
MIT_OpenCourseWare_yjBerM5jWsc	9. Independence, Basis, and Dimension	https://www.youtube.com/watch?v=yjBerM5jWsc	edu.stem.math.linearalgebra	datasci	board.chalkboard	chalkboard	edu.stem.math.algebra	algebra	classroom	classroom	True
RottenTomatoes_qNCFZLQOj_M	She's Out of My League (2/9) Movie CLIP - Marni Moves On (2010) HD	https://www.youtube.com/watch?v=qNCFZLQOj_M	entertainment.movies.clips	movies	conversation.casual	talkshows	edu.arts.architecture	arts	talkinghead.framecorner	presenter-corner	True
CNN_US_News_xTmyssMlfac	Hear New York attorney general fire back at Donald Trump	https://www.youtube.com/watch?v=xTmyssMlfac	news.politics	geopolitical-news	talkinghead.frameregular	presenter-center	news.domestic	domestic-news	docustyle	documentary	True
edureka_r52Oh3a2mwc	Azure Certifications In 2022 | Azure Certification Path 2022 | Microsoft Azure Training | Edureka	https://www.youtube.com/watch?v=r52Oh3a2mwc	growth.careerdevelopment	selfhelp	slides	powerpoint-slides	edu.stem.engineering.computerscience	computersci	screencast	screenrecord	True
Conan_OBrien_Vq3eTW8ZIxk	Animal Expert Jarod Miller: Great Horned Owl & Crocodile | Late Night with Conan O‚ÄôBrien	https://www.youtube.com/watch?v=Vq3eTW8ZIxk	edu.stem.biology.zoology	biology	talkinghead.frameregular	presenter-center	entertainment.variety.latenight	talkshows	persononstage	presenter-onstage	True
freeCodeCamp_TQUy8ENesGY	Deno Course - Better than Node.js?	https://www.youtube.com/watch?v=TQUy8ENesGY	edu.stem.engineering.computerscience	computersci	screencast	screenrecord	skills.digital.coding	tutorial	talkinghead.framecorner	presenter-corner	True
Unbox_Therapy_cbcQ-KppLvI	A Wild Smartphone Contraption Appears...	https://www.youtube.com/watch?v=cbcQ-KppLvI	misc.productreview	product-reviews	talkinghead.frameregular	presenter-center	misc.unboxing	product-reviews	practicaldemonstration.engineering	experiments-engineering	True
Dry_Bar_Comedy_cEEji7BOhFg	Growing Up Poor. Don Barnhart	https://www.youtube.com/watch?v=cEEji7BOhFg	entertainment.comedy.standup	comedy	persononstage	presenter-onstage	growth.motivational	selfhelp	talkinghead.frameregular	presenter-center	True
REDEFINED_TV_URP5OvwDgEQ	The Trap Of Comparison | Try Me | (Part 25) Jerry Flowers	https://www.youtube.com/watch?v=URP5OvwDgEQ	religious.spirituality	religion	persononstage	presenter-onstage	edu.humanities.religion	humanities	talkinghead.frameregular	presenter-center	True
Jimmy_Fallon_FgF7D5cUR98	Paul Bettany Shares the Text He Sent Ron Howard to Snag a Solo: A Star Wars Story Role	https://www.youtube.com/watch?v=FgF7D5cUR98	entertainment.variety.celebritycontent	celebritycontent	conversation.formal	formal-interview	entertainment.variety.talkshow	talkshows	talkinghead.frameregular	presenter-center	True
The_Daily_Show_pWO6kVno8GQ	Desi Lydic‚Äôs Top 10 Moments | The Daily Show	https://www.youtube.com/watch?v=pWO6kVno8GQ	news.politics	geopolitical-news	talkinghead.frameregular	presenter-center	entertainment.comedy.parody	comedy	docustyle	documentary	True
Education_Week_Rtnpjp6R4DQ	Try This at Home: How to Make a Rubber Egg	https://www.youtube.com/watch?v=Rtnpjp6R4DQ	edu.stem.chemistry.analytical	chemistry	practicaldemonstration.science	experiments-science	edu.medicine.dentistry	medicine	talkinghead.frameregular	presenter-center	True
Actors_on_Actors_Yf5NGbLeLgI	Chris Pine & Robin Wright | Actors on Actors - Full Conversation	https://www.youtube.com/watch?v=Yf5NGbLeLgI	entertainment.variety.talkshow	talkshows	talkinghead.frameregular	presenter-center	entertainment.variety.celebritycontent	celebritycontent	conversation.formal	formal-interview	True
Courtney_Ryan_FG-yyklQndE	"Reacting to Fresh and Fit ""High Value Man Roasts Woman"" | Courtney Ryan"	https://www.youtube.com/watch?v=FG-yyklQndE	growth.motivational	selfhelp	talkinghead.frameregular	presenter-center	vlog.daily	vlog	vlog	vlog	True
RottenTomatoes_x7qvOFN1QZg	The Smurfs (2011) - Clumsy Smurfs the Day Scene (10/10) | Movieclips	https://www.youtube.com/watch?v=x7qvOFN1QZg	entertainment.movies.clips	movies	animated.cartoon	animation-cartoon	entertainment.comedy.sketch	comedy	animated.graphics	animation-graphics	True
CNN_US_News_EXykqOOgMJE	Elie Honig answers questions about Trump's court cases	https://www.youtube.com/watch?v=EXykqOOgMJE	edu.social.law	law	talkinghead.frameregular	presenter-center	news.politics	geopolitical-news	conversation.formal	formal-interview	True
TED_9m2wP2cArrY	Why Broken Hearts Hurt ‚Äî and What Heals Them | Yoram Yovell | TED	https://www.youtube.com/watch?v=9m2wP2cArrY	wellbeing.mentalhealth	wellbeing	persononstage	presenter-onstage	edu.medicine.psychiatry	medicine	talkinghead.frameregular	presenter-center	True
TED_tFfYh9THuGo	How a long-forgotten virus could help us solve the antibiotics crisis | Alexander Belcredi	https://www.youtube.com/watch?v=tFfYh9THuGo	edu.stem.biology.microbiology	biology	talkinghead.frameregular	presenter-center	edu.stem.biotechnology	biotech	persononstage	presenter-onstage	True
Aunty_Donna_4qDIp855FE4	World's First Moving Boat Podcast üõ∂	https://www.youtube.com/watch?v=4qDIp855FE4	entertainment.comedy.sketch	comedy	conversation.podcast	podcast	vlog.daily	vlog	conversation.casual	talkshows	True
Professor_Dave_Explains_FZMeuWh6eQM	Ask Professor Dave #4: Are You a Musician?	https://www.youtube.com/watch?v=FZMeuWh6eQM	vlog.daily	vlog	talkinghead.frameregular	presenter-center	entertainment.music	music	docustyle	documentary	True
NYT_Cooking_iSUIRCa1nwk	Fluffy Lemon Ricotta Pancakes with Blueberry Syrup | Genevieve Ko | NYT Cooking	https://www.youtube.com/watch?v=iSUIRCa1nwk	skills.culinary.baking	culinary	practicaldemonstration.cooking	cooking	lifestyle.food	lifestyle	talkinghead.frameregular	presenter-center	True
CNN_US_News_lH4w0pZnofI	Trump's legal bills have grown and his cash has dwindled	https://www.youtube.com/watch?v=lH4w0pZnofI	edu.social.politics	politics	talkinghead.frameregular	presenter-center	news.politics	geopolitical-news	animated.info	animation-infographic	True
RottenTomatoes_LcHtYOV0bVo	The Long Riders (3/11) Movie CLIP - Cut the Cards (1980) HD	https://www.youtube.com/watch?v=LcHtYOV0bVo	entertainment.movies.clips	movies	conversation.casual	talkshows	edu.stem.math.probability	datasci	docustyle	documentary	True
The_Late_Show_Stephen_Colbert_eDyEGP0FhcQ	President Obama's Weekend of Insults	https://www.youtube.com/watch?v=eDyEGP0FhcQ	entertainment.variety.latenight	talkshows	talkinghead.frameregular	presenter-center	news.politics	geopolitical-news	persononstage	presenter-onstage	True
CGP_Grey_snAhsXyO3Ck	Spaceship You	https://www.youtube.com/watch?v=snAhsXyO3Ck	growth.motivational	selfhelp	animated.info	animation-infographic	wellbeing.fitness	wellbeing	animated.graphics	animation-graphics	True
RottenTomatoes_0ov8ekqSAOU	1st Furry Valentine (2011) - The First Jubilee Scene (9/9) | Movieclips	https://www.youtube.com/watch?v=0ov8ekqSAOU	entertainment.movies.clips	movies	persononstage	presenter-onstage	entertainment.drama.shortfilm	drama	docustyle	documentary	True
Cooking_With_Claudia_t1U3y1NyxiA	Matcha Mille Crepe Cake Recipe (Matcha Green Tea Crepes)	https://www.youtube.com/watch?v=t1U3y1NyxiA	lifestyle.food	lifestyle	practicaldemonstration.cooking	cooking	skills.culinary.baking	culinary	talkinghead.frameregular	presenter-center	True
RottenTomatoes_7aQq1SUj5xo	The Gallows Act II (2019) - He's Behind You! Scene (3/10) | Movieclips	https://www.youtube.com/watch?v=7aQq1SUj5xo	entertainment.movies.clips	movies	docustyle	documentary	entertainment.movies.review	movies	rawfootage	unedited	True
RottenTomatoes_CLxHRE-Knmc	San Andreas (2015) - San Francisco Skydive Scene (6/10) | Movieclips	https://www.youtube.com/watch?v=CLxHRE-Knmc	entertainment.movies.clips	movies	docustyle	documentary	entertainment.sports.adventure	sports	talkinghead.framecorner	presenter-corner	True
60_Minutes_rqoy2t-L9fY	Riding along on the Green River Drift, the longest-running cattle drive left in America	https://www.youtube.com/watch?v=rqoy2t-L9fY	entertainment.sports.adventure	sports	docustyle	documentary	edu.social.history	history	talkinghead.frameregular	presenter-center	True
CGP_Grey_kcc_KAhwpa0	2012 Didn't Happen	https://www.youtube.com/watch?v=kcc_KAhwpa0	edu.social.history	history	docustyle	documentary	misc.conspiracy	conspiracy	animated.info	animation-infographic	True
PBS_Eons_QsmV34Co32c	When Dinosaur Look-Alikes Ruled the Earth	https://www.youtube.com/watch?v=QsmV34Co32c	edu.stem.biology.evolutionarybiology	biology	talkinghead.frameregular	presenter-center	edu.stem.biology.zoology	biology	animated.info	animation-infographic	True
Gordon_Ramsay_NM04uKbgGdU	Gordon Ramsay‚Äôs Chef Makes the Ultimate BBQ Sauce	https://www.youtube.com/watch?v=NM04uKbgGdU	skills.culinary.cooking	culinary	practicaldemonstration.cooking	cooking	lifestyle.food	lifestyle	talkinghead.frameregular	presenter-center	True
Chubbyemu_ST54jXrSutg	ANGRY YOUTUBE RANT..	https://www.youtube.com/watch?v=ST54jXrSutg	vlog.daily	vlog	talkinghead.frameregular	presenter-center	growth.motivational	selfhelp	vlog	vlog	True
Saturday_Night_Live_qIk4Sjv-5Mo	Jason Sudeikis Monologue - SNL	https://www.youtube.com/watch?v=qIk4Sjv-5Mo	entertainment.variety.talkshow	talkshows	persononstage	presenter-onstage	vlog.daily	vlog	talkinghead.frameregular	presenter-center	True
Variety_8Q1InZj9ZXI	Steve Carrel and Rooney Mara on Chemistry With Cate Blanchett	https://www.youtube.com/watch?v=8Q1InZj9ZXI	entertainment.variety.celebritycontent	celebritycontent	talkinghead.frameregular	presenter-center	entertainment.variety.talkshow	talkshows	conversation.formal	formal-interview	True
Fox_US_News_4OergpZsNRw	‚ÄòNEWSFLASH‚Äô: Biden‚Äôs ballot absence is the first ‚Äòcrack in the egg,‚Äô NH gov. says	https://www.youtube.com/watch?v=4OergpZsNRw	news.politics	geopolitical-news	talkinghead.frameregular	presenter-center	news.domestic	domestic-news	persononstage	presenter-onstage	True
Gordon_Ramsay_zBWc_jL1F24	More Summer Recipes | Gordon Ramsay	https://www.youtube.com/watch?v=zBWc_jL1F24	lifestyle.food	lifestyle	practicaldemonstration.cooking	cooking	skills.culinary.cooking	culinary	talkinghead.frameregular	presenter-center	True
Khan_Academy_HbIdp5DURJA	Visually understanding balancing chemical equations | High school chemistry | Khan Academy	https://www.youtube.com/watch?v=HbIdp5DURJA	edu.stem.chemistry.organic	chemistry	writing.stylus	writing-cursor	edu.education.pedagogy.teachingprinciples	teaching	animated.info	animation-infographic	True
MIT_OpenCourseWare_8Xpn2jorigU	Lec 6 | MIT 5.60 Thermodynamics & Kinetics, Spring 2008	https://www.youtube.com/watch?v=8Xpn2jorigU	edu.stem.physics.thermodynamics	physics	classroom	classroom	edu.stem.chemistry.physical	chemistry	board.chalkboard	chalkboard	True
National_Geographic_0T1y9xwP7ZA	Dino Dig - Linked | Explorer	https://www.youtube.com/watch?v=0T1y9xwP7ZA	edu.stem.biology.zoology	biology	docustyle	documentary	edu.social.history	history	practicaldemonstration.science	experiments-science	True
Not_Another_Cooking_Show_Na89SYmK4kE	Authentic CARNITAS Michoacan: The Greatest Tacos On Earth	https://www.youtube.com/watch?v=Na89SYmK4kE	lifestyle.food	lifestyle	practicaldemonstration.cooking	cooking	skills.culinary.cooking	culinary	talkinghead.frameregular	presenter-center	True
BBC_World_Service_9QRxHUU1lBg	Elon Musk: How did he get close to Donald Trump? - BBC World Service	https://www.youtube.com/watch?v=9QRxHUU1lBg	news.politics	geopolitical-news	docustyle	documentary	edu.social.politics	politics	screencast	screenrecord	True
RottenTomatoes_kQosO29X9Bo	Ip Man (2010) - The Japanese Invade Scene (8/10) | Movieclips	https://www.youtube.com/watch?v=kQosO29X9Bo	entertainment.movies.clips	movies	docustyle	documentary	edu.arts.architecture	arts	conversation.casual	talkshows	True
Marques_Brownlee_dbAkuiS8PHU	The Electric Hummer: Hands-On & Impressions!	https://www.youtube.com/watch?v=dbAkuiS8PHU	edu.stem.engineering.automotive	engineering	talkinghead.frameregular	presenter-center	news.technology	technology	docustyle	documentary	True
National_Geographic_kVpJ6BwG8zg	Experts Reveal What Really Happened (Full Episode) | Area 51: The CIA's Secret	https://www.youtube.com/watch?v=kVpJ6BwG8zg	edu.stem.engineering.aerospace	engineering	docustyle	documentary	edu.social.history	history	talkinghead.frameregular	presenter-center	True
Kati_Morton_Ef7BQRLUWnc	Do You Need Help Journaling?	https://www.youtube.com/watch?v=Ef7BQRLUWnc	wellbeing.mentalhealth	wellbeing	talkinghead.frameregular	presenter-center	growth.motivational	selfhelp	vlog	vlog	True
RottenTomatoes_moH3FSt88FY	The Purge: Anarchy (7/10) Movie CLIP - There's a Whole Army (2014) HD	https://www.youtube.com/watch?v=moH3FSt88FY	entertainment.movies.clips	movies	docustyle	documentary	edu.arts.architecture	arts	talkinghead.framecorner	presenter-corner	True
Vox_6fbBjRnZ0j0	How an opera gets made	https://www.youtube.com/watch?v=6fbBjRnZ0j0	edu.arts.performing	arts	docustyle	documentary	edu.arts.music	arts	talkinghead.frameregular	presenter-center	True
RottenTomatoes_-TogGxzlfhM	It Just Doesn't Matter! - Meatballs (6/9) Movie CLIP (1979) HD	https://www.youtube.com/watch?v=-TogGxzlfhM	entertainment.movies.clips	movies	persononstage	presenter-onstage	entertainment.sports.team	sports	talkinghead.frameregular	presenter-center	True
Fireship_v969_M6cWk0	Ethical Hacking in 100 Seconds // And why do we need CORS?	https://www.youtube.com/watch?v=v969_M6cWk0	skills.digital.coding	tutorial	animated.info	animation-infographic	edu.stem.engineering.computerscience	computersci	animated.graphics	animation-graphics	True
Benjamin_Keep__g3NojwBOXw	A Simple Study Tip: Stop Highlighting	https://www.youtube.com/watch?v=_g3NojwBOXw	edu.education.pedagogy.teachingprinciples	teaching	talkinghead.frameregular	presenter-center	growth.careerdevelopment	selfhelp	writing.hand	writing-hand	True
MIT_OpenCourseWare_UNHQ7CRsEtU	Lec 9 | MIT 6.00 Introduction to Computer Science and Programming, Fall 2008	https://www.youtube.com/watch?v=UNHQ7CRsEtU	edu.stem.engineering.computerscience	computersci	board.chalkboard	chalkboard	skills.digital.coding	tutorial	classroom	classroom	True
The_Late_Show_Stephen_Colbert_aRQLU3IwNYs	Stephen Helps President Obama Polish His R√©sum√©	https://www.youtube.com/watch?v=aRQLU3IwNYs	news.politics	geopolitical-news	skit	skit	edu.social.politics	politics	talkinghead.frameregular	presenter-center	True
TED_Ks-_Mh1QhMc	Your Body Language May Shape Who You Are | Amy Cuddy | TED	https://www.youtube.com/watch?v=Ks-_Mh1QhMc	edu.social.psychology	psychology	persononstage	presenter-onstage	growth.motivational	selfhelp	talkinghead.frameregular	presenter-center	True
NileRed_xXZcRwh28TE	Making Fluorescein	https://www.youtube.com/watch?v=xXZcRwh28TE	edu.stem.chemistry.organic	chemistry	practicaldemonstration.science	experiments-science	edu.stem.chemistry.analytical	chemistry	animated.info	animation-infographic	True
RottenTomatoes_pYBo5eS5pW8	The 40 Year Old Virgin (4/8) Movie CLIP - Date-a-palooza (2005) HD	https://www.youtube.com/watch?v=pYBo5eS5pW8	entertainment.movies.clips	movies	conversation.casual	talkshows	entertainment.reality.dating	dating	talkinghead.frameregular	presenter-center	True
Rich_Roll_qLta9C3gekk	SURFING The Planet's LARGEST Waves w/ Garrett McNamara | Rich Roll Podcast	https://www.youtube.com/watch?v=qLta9C3gekk	entertainment.sports.extremes	sports	conversation.podcast	podcast	entertainment.sports.adventure	sports	docustyle	documentary	True
Seth_Meyers_8MIemZpExIQ	Seth Meyers Gets Burnt by Bobby Moynihan and Taran Killam	https://www.youtube.com/watch?v=8MIemZpExIQ	entertainment.variety.celebritycontent	celebritycontent	talkinghead.frameregular	presenter-center	entertainment.variety.talkshow	talkshows	conversation.casual	talkshows	True
Motivation2Study_jj5xi0x_J9Y	3 Productivity Systems That A+ Students Use! (Save Your Grades TODAY)	https://www.youtube.com/watch?v=jj5xi0x_J9Y	growth.motivational	selfhelp	animated.info	animation-infographic	growth.careerdevelopment	selfhelp	animated.graphics	animation-graphics	True
StarTalk_W0nDug4JBZ4	Answering Fan Questions About Nuclear Fusion, the Smallest Unit of Time and the Early Universe	https://www.youtube.com/watch?v=W0nDug4JBZ4	edu.stem.physics.relativity	physics	conversation.podcast	podcast	edu.stem.astronomy	astronomy	conversation.formal	formal-interview	True
James_Corden_LEm64xyygUA	First Kisses w/ Bryan Cranston & Jessica Biel	https://www.youtube.com/watch?v=LEm64xyygUA	entertainment.variety.talkshow	talkshows	conversation.casual	talkshows	entertainment.variety.latenight	talkshows	talkinghead.frameregular	presenter-center	True
PowerfulJRE_fcdItgUjZnY	What Is Happening in the Brain During a DMT Trip?	https://www.youtube.com/watch?v=fcdItgUjZnY	edu.stem.neuroscience	neurosci	talkinghead.frameregular	presenter-center	edu.medicine.physiology	medicine	conversation.formal	formal-interview	True
Conan_OBrien_sUGLf1bVJyI	"Garry Shandling Crashes Adam Brody's Interview - ""Late Night With Conan O'Brien"""	https://www.youtube.com/watch?v=sUGLf1bVJyI	entertainment.variety.latenight	talkshows	talkinghead.frameregular	presenter-center	entertainment.variety.talkshow	talkshows	conversation.casual	talkshows	True
RottenTomatoes_asNSRS-UbHM	The Boy Next Door (6/10) Movie CLIP - Unacceptable Behavior (2015) HD	https://www.youtube.com/watch?v=asNSRS-UbHM	entertainment.movies.clips	movies	docustyle	documentary	edu.arts.architecture	arts	conversation.formal	formal-interview	True
RottenTomatoes_538H6EYp_ZU	"Harlem Nights (2/8) Movie CLIP - Bennie ""Snake Eyes"" Wilson (1989) HD"	https://www.youtube.com/watch?v=538H6EYp_ZU	entertainment.movies.clips	movies	conversation.casual	talkshows	entertainment.drama.shortfilm	drama	docustyle	documentary	True
MIT_OpenCourseWare__CovlKXmuWo	Lec 2 | MIT 7.012 Introduction to Biology, Fall 2004	https://www.youtube.com/watch?v=_CovlKXmuWo	edu.stem.chemistry.biochemistry	chemistry	board.chalkboard	chalkboard	edu.stem.biology.cellbiology	biology	classroom	classroom	True
The_School_of_Life_8_PQJNo2wME	Self-Hatred & Anxiety	https://www.youtube.com/watch?v=8_PQJNo2wME	wellbeing.mentalhealth	wellbeing	animated.graphics	animation-graphics	edu.medicine.psychiatry	medicine	animated.info	animation-infographic	True
60_Minutes_8crdog2b_Bg	‚ÄúCould humans really do this?‚Äù: Stories of civilians killed in Bucha, Ukraine | 60 Minutes	https://www.youtube.com/watch?v=8crdog2b_Bg	news.politics	geopolitical-news	docustyle	documentary	news.international	geopolitical-news	talkinghead.frameregular	presenter-center	True
The_Royal_Institution_GkVmhXhPvqk	Chromosome 2 - What separates chimps from humans?	https://www.youtube.com/watch?v=GkVmhXhPvqk	edu.stem.biology.genetics	biology	docustyle	documentary	edu.stem.biology.evolutionarybiology	biology	talkinghead.frameregular	presenter-center	True
Saturday_Night_Live_aUYZSopmtCk	Verizon 4G LTE - SNL	https://www.youtube.com/watch?v=aUYZSopmtCk	entertainment.comedy.parody	comedy	skit	skit	entertainment.comedy.sketch	comedy	animated.graphics	animation-graphics	True
RottenTomatoes_TF_A-QNRVVI	Umma (2022) - The Lantern Scare Scene | Movieclips	https://www.youtube.com/watch?v=TF_A-QNRVVI	entertainment.movies.clips	movies	docustyle	documentary	news.entertainment	entertainment-news	rawfootage	unedited	True
Seth_Meyers_2_awllyoYDU	Tracee Ellis Ross Didn't Know She Was in Beyonc√©'s Renaissance World Tour Movie	https://www.youtube.com/watch?v=2_awllyoYDU	entertainment.variety.talkshow	talkshows	skit	skit	entertainment.variety.celebritycontent	celebritycontent	talkinghead.frameregular	presenter-center	True
Kati_Morton_4mqiqp2oKrc	Why sleep is so important! (feat. Helix Mattress) | Kati Morton	https://www.youtube.com/watch?v=4mqiqp2oKrc	vlog.daily	vlog	talkinghead.frameregular	presenter-center	wellbeing.mentalhealth	wellbeing	screencast	screenrecord	True
Dont_Tell_Comedy_rP2KwXBd98I	The American Dream | Jason Cheny | Stand Up Comedy	https://www.youtube.com/watch?v=rP2KwXBd98I	entertainment.comedy.standup	comedy	persononstage	presenter-onstage	wellbeing.mentalhealth	wellbeing	talkinghead.frameregular	presenter-center	True
Seth_Meyers_Xk1uBaqaRN4	Fans Constantly Stop Bobby Cannavale in the Street About The Watcher Finale	https://www.youtube.com/watch?v=Xk1uBaqaRN4	entertainment.variety.latenight	talkshows	talkinghead.frameregular	presenter-center	entertainment.variety.talkshow	talkshows	conversation.casual	talkshows	True
Courtney_Ryan_1KgFprZ-2-8	This Is Why So Many Men & Women Are Single (STOP Doing This!)	https://www.youtube.com/watch?v=1KgFprZ-2-8	vlog.daily	vlog	talkinghead.frameregular	presenter-center	entertainment.reality.dating	dating	vlog	vlog	True
CodeBeauty_EazrhHMySQw	C# OOP Full Course: Master Object-Oriented Programming (OOP) with Practical Examples	https://www.youtube.com/watch?v=EazrhHMySQw	edu.stem.engineering.computerscience	computersci	screencast	screenrecord	skills.digital.coding	tutorial	talkinghead.framecorner	presenter-corner	True
RottenTomatoes_PI4FADciygc	Willy Wonka and the Chocolate Factory's Best Scenes	https://www.youtube.com/watch?v=PI4FADciygc	entertainment.movies.clips	movies	practicaldemonstration.cooking	cooking	entertainment.movies.review	movies	animated.graphics	animation-graphics	True
TEDx_QxB24dpRBrA	Impossible is nothing | John Fraser | TEDxUQ	https://www.youtube.com/watch?v=QxB24dpRBrA	edu.medicine.other	medicine	persononstage	presenter-onstage	growth.motivational	selfhelp	talkinghead.frameregular	presenter-center	True
Answer_the_Internet_swErJLs75Y4	Celebrities Answer the Internet's Weirdest Questions | Craziest Stories	https://www.youtube.com/watch?v=swErJLs75Y4	entertainment.variety.celebritycontent	celebritycontent	talkinghead.frameregular	presenter-center	entertainment.variety.talkshow	talkshows	conversation.formal	formal-interview	True
Dope_uLVpUsKuWOU	Epic Overreactions | No Diet Coke?! ft. The Fu	https://www.youtube.com/watch?v=uLVpUsKuWOU	entertainment.comedy.sketch	comedy	skit	skit	vlog.daily	vlog	conversation.casual	talkshows	True
MIT_OpenCourseWare_yBdXS5dXQN4	18. Series Expansions Part 4	https://www.youtube.com/watch?v=yBdXS5dXQN4	edu.stem.physics.particle	physics	board.chalkboard	chalkboard	edu.stem.math.numbertheory	math	classroom	classroom	True
NYT_Cooking_yG2T_v-CZH4	Yewande Komolafe's Favorite Holiday Recipes | NYT Cooking	https://www.youtube.com/watch?v=yG2T_v-CZH4	skills.culinary.baking	culinary	practicaldemonstration.cooking	cooking	lifestyle.food	lifestyle	talkinghead.frameregular	presenter-center	True
The_Graham_Norton_Show_p6OpsHPgwuw	What Tom Hanks Learnt Playing Fred Rogers | The Graham Norton Show	https://www.youtube.com/watch?v=p6OpsHPgwuw	growth.motivational	selfhelp	talkinghead.frameregular	presenter-center	entertainment.variety.talkshow	talkshows	conversation.casual	talkshows	True
RottenTomatoes_HnhM0M5UzX0	The Greatest Story Ever Told (1965) - The Birth of Jesus Christ Scene (1/11) | Movieclips	https://www.youtube.com/watch?v=HnhM0M5UzX0	entertainment.movies.clips	movies	docustyle	documentary	religious.guidelines	religion	talkinghead.frameregular	presenter-center	True
Seth_Meyers_XygytZF5euU	Wendy Williams Wants to Be a College Professor¬†	https://www.youtube.com/watch?v=XygytZF5euU	entertainment.variety.talkshow	talkshows	talkinghead.frameregular	presenter-center	entertainment.variety.latenight	talkshows	conversation.formal	formal-interview	True
All4Ed_M4-ZufyKLlw	Federal Flash: CDC Says, ‚ÄúBack to School (Safely)!‚Äù	https://www.youtube.com/watch?v=M4-ZufyKLlw	news.domestic	domestic-news	talkinghead.framecorner	presenter-corner	news.health	health-news	talkinghead.frameregular	presenter-center	True
RottenTomatoes_vKEWdfB8yo8	The Treasure of the Sierra Madre (7/10) Movie CLIP - A Bonehead Play (1948) HD	https://www.youtube.com/watch?v=vKEWdfB8yo8	entertainment.movies.clips	movies	conversation.casual	talkshows	edu.humanities.ethics	humanities	talkinghead.frameregular	presenter-center	True
Fox_US_News_O2Y2hp-WD7U	'Really hit the fan': Comer set to reveal 'disturbing' findings in Hunter probe	https://www.youtube.com/watch?v=O2Y2hp-WD7U	news.politics	geopolitical-news	talkinghead.frameregular	presenter-center	edu.social.politics	politics	animated.graphics	animation-graphics	True
Marques_Brownlee_n3XrvrBVg2k	How Do YouTubers Make Money? (And Other Questions We Have to Answer)	https://www.youtube.com/watch?v=n3XrvrBVg2k	vlog.daily	vlog	talkinghead.frameregular	presenter-center	skills.digital.videoediting	tutorial	animated.graphics	animation-graphics	True
RottenTomatoes_kfJINAKOgEY	Ender's Game (8/10) Movie CLIP - Game Over (2013) HD	https://www.youtube.com/watch?v=kfJINAKOgEY	entertainment.movies.clips	movies	animated.graphics	animation-graphics	edu.stem.engineering.aerospace	engineering	talkinghead.frameregular	presenter-center	True
Cooking_With_Claudia_yS0z9DSZNHo	Baked Apple Roses Recipe - How to make apple rose tart	https://www.youtube.com/watch?v=yS0z9DSZNHo	skills.culinary.baking	culinary	practicaldemonstration.cooking	cooking	lifestyle.food	lifestyle	talkinghead.frameregular	presenter-center	True
Simplilearn_EfK0SURQ8X0	What is Salesforce? | Salesforce in 7 Minutes | Introduction to Salesforce | Simplilearn	https://www.youtube.com/watch?v=EfK0SURQ8X0	edu.business.management	business	animated.graphics	animation-graphics	edu.business.marketing	business	writing.stylus	writing-cursor	True
Khan_Academy_BHFuLS9NW6s	Gentileschi, Judith and Holofernes	https://www.youtube.com/watch?v=BHFuLS9NW6s	edu.arts.arthistory	arts	slides	powerpoint-slides	edu.arts.visual	arts	animated.info	animation-infographic	True
Fox_US_News_4ALGG3s5xW4	Female cyclocross racer loses to trans competitor: 'Power beat skill'	https://www.youtube.com/watch?v=4ALGG3s5xW4	news.politics	geopolitical-news	talkinghead.frameregular	presenter-center	entertainment.variety.talkshow	talkshows	docustyle	documentary	True
IBM_Technology_OYQsNNpQq88	iPaaS: Your Solution to App Chaos and Integration	https://www.youtube.com/watch?v=OYQsNNpQq88	edu.stem.engineering.computerscience	computersci	board.whiteboard	whiteboard	edu.stem.engineering.systemsengineering	engineering	animated.graphics	animation-graphics	True
Fireship_yFlhTvxcrQ8	Firestore Pagination - It Just Got Easier	https://www.youtube.com/watch?v=yFlhTvxcrQ8	skills.digital.coding	tutorial	screencast	screenrecord	edu.stem.engineering.computerscience	computersci	animated.graphics	animation-graphics	True
Pursuit_of_Wonder_XBTOqyUtX-0	How To Waste Your Life & Never Be Happy (A Short Story)	https://www.youtube.com/watch?v=XBTOqyUtX-0	growth.motivational	selfhelp	animated.cartoon	animation-cartoon	edu.humanities.ethics	humanities	animated.graphics	animation-graphics	True
Learn_Bright__I1v6D3dO8c	ASL Earthworms for Kids	https://www.youtube.com/watch?v=_I1v6D3dO8c	edu.stem.biology.zoology	biology	talkinghead.framecorner	presenter-corner	edu.stem.biology.botany	biology	animated.graphics	animation-graphics	True
Unbox_Therapy_z5ydE6qQqZU	3 Unique Gadgets You Wouldn't Expect To Exist	https://www.youtube.com/watch?v=z5ydE6qQqZU	misc.productreview	product-reviews	practicaldemonstration.engineering	experiments-engineering	misc.unboxing	product-reviews	practicaldemonstration.science	experiments-science	True
CNN_US_News_XtAyjP12w30	SE Cupp: The reemerging threat in the 2024 GOP primary	https://www.youtube.com/watch?v=XtAyjP12w30	news.politics	geopolitical-news	talkinghead.frameregular	presenter-center	edu.social.politics	politics	rawfootage	unedited	True
Khan_Academy_wqnpSzEzq1w	Another derivation of the sum of an infinite geometric series | Precalculus | Khan Academy	https://www.youtube.com/watch?v=wqnpSzEzq1w	edu.stem.math.calculus	math	writing.stylus	writing-cursor	edu.stem.math.algebra	algebra	talkinghead.framecorner	presenter-corner	True
CrashCourse_FOoffXFpAlU	Metaethics: Crash Course Philosophy #32	https://www.youtube.com/watch?v=FOoffXFpAlU	edu.humanities.ethics	humanities	talkinghead.frameregular	presenter-center	edu.humanities.philosophy	humanities	animated.graphics	animation-graphics	True
Netflix_Is_A_Joke_5ltKnP5RPfQ	Dave Chappelle and Tiffany Haddish Went Midnight Bowling With Eddie Murphy | Netflix Is A Joke	https://www.youtube.com/watch?v=5ltKnP5RPfQ	entertainment.variety.celebritycontent	celebritycontent	persononstage	presenter-onstage	entertainment.variety.talkshow	talkshows	dance	dance	True
Numberphile_kE3OuzlkUnU	Colouring Numbers - Numberphile	https://www.youtube.com/watch?v=kE3OuzlkUnU	edu.stem.math.gametheory	math	animated.info	animation-infographic	edu.stem.math.numbertheory	math	animated.graphics	animation-graphics	True
LastWeekTonight_nG2pEffLEJo	Guardianship: Last Week Tonight with John Oliver (HBO)	https://www.youtube.com/watch?v=nG2pEffLEJo	entertainment.variety.talkshow	talkshows	talkinghead.frameregular	presenter-center	skills.financial.personalfinance	finance	talkinghead.framecorner	presenter-corner	True
Stanford_7SiW_x3cUBo	Classical Mechanics | Lecture 6	https://www.youtube.com/watch?v=7SiW_x3cUBo	edu.stem.physics.mechanics	physics	classroom	classroom	edu.arts.architecture	arts	board.whiteboard	whiteboard	True
RottenTomatoes_dCVh4lBfW-c	A Nightmare on Elm Street (1984) Official Trailer - Wes Craven, Johnny Depp Horror Movie HD	https://www.youtube.com/watch?v=dCVh4lBfW-c	entertainment.movies.trailer	movies	animated.graphics	animation-graphics	entertainment.movies.clips	movies	talkinghead.frameregular	presenter-center	True
Chinese_Cooking_Demystified_lrrmysxnTdA	Chinese Seitan Making 101 (ok, maybe 201)	https://www.youtube.com/watch?v=lrrmysxnTdA	skills.culinary.cooking	culinary	practicaldemonstration.cooking	cooking	lifestyle.food	lifestyle	talkinghead.frameregular	presenter-center	True
Seth_Meyers_yt5U4yFnTX0	The Lonely Island Joins Seth to Celebrate Their New Podcast	https://www.youtube.com/watch?v=yt5U4yFnTX0	entertainment.variety.talkshow	talkshows	conversation.podcast	podcast	entertainment.variety.celebritycontent	celebritycontent	paneldiscussion.virtual	paneldiscussion-virtual	True
JayShettyPodcast_gvwYAdynzzU	ARNOLD SCHWARZENEGGER On How To Change The Trajectory of Your Life! ‚ÄùI was unhappy with reality‚Ä¶‚Äù	https://www.youtube.com/watch?v=gvwYAdynzzU	growth.motivational	selfhelp	conversation.podcast	podcast	entertainment.variety.talkshow	talkshows	conversation.formal	formal-interview	True
RottenTomatoes_xcTK6uPPiAo	Hobbs & Shaw (2019) - Hallway Beatdown Scene (3/10) | Movieclips	https://www.youtube.com/watch?v=xcTK6uPPiAo	entertainment.movies.clips	movies	talkinghead.framecorner	presenter-corner	edu.arts.architecture	arts	talkinghead.frameregular	presenter-center	True
Comedy_Dynamics_EViIe6zQ4UI	Stuff You'll Let Go in the Heat of The Moment - Chris Porter	https://www.youtube.com/watch?v=EViIe6zQ4UI	entertainment.comedy.standup	comedy	persononstage	presenter-onstage	edu.arts.architecture	arts	talkinghead.frameregular	presenter-center	True
Simplilearn_GvtG8OgKq8c	Top 30+ KPMG Interview Questions and Answers For 2023 | Interview Questions For KPMG | Simplilearn	https://www.youtube.com/watch?v=GvtG8OgKq8c	growth.careerdevelopment	selfhelp	talkinghead.framecorner	presenter-corner	edu.business.management	business	animation.powerpoint	animation-powerpoint	True
Numberphile_7DHE8RnsCQ8	The Centrifuge Problem - Numberphile	https://www.youtube.com/watch?v=7DHE8RnsCQ8	edu.stem.math.geometry	math	writing.hand	writing-hand	edu.stem.physics.mechanics	physics	board.whiteboard	whiteboard	True
Seth_Meyers_WXjG1THRAg4	Anthony Anderson Ate Pasta and Pizza with Prince at 3 A.M.	https://www.youtube.com/watch?v=WXjG1THRAg4	entertainment.variety.celebritycontent	celebritycontent	talkinghead.frameregular	presenter-center	entertainment.variety.talkshow	talkshows	conversation.casual	talkshows	True
RottenTomatoes_mILfbvj0xtk	Death Proof (3/10) Movie CLIP - Stuntman Mike (2007) HD	https://www.youtube.com/watch?v=mILfbvj0xtk	entertainment.movies.clips	movies	conversation.casual	talkshows	edu.arts.architecture	arts	talkinghead.frameregular	presenter-center	True
Comedy_Central_Stand_Up_KAjjZsnAPx0	Al Madrigal - Why Is The Rabbit Crying? - Massage Options	https://www.youtube.com/watch?v=KAjjZsnAPx0	entertainment.comedy.standup	comedy	persononstage	presenter-onstage	edu.arts.architecture	arts	talkinghead.frameregular	presenter-center	True
CBS_US_News_R1UNxJbQUM0	How might Trump's legal battles affect the New Hampshire primary?	https://www.youtube.com/watch?v=R1UNxJbQUM0	edu.social.politics	politics	talkinghead.frameregular	presenter-center	news.politics	geopolitical-news	docustyle	documentary	True
RottenTomatoes_jr0JXSM_0Nk	I Want the Knife - The Golden Child (4/8) Movie CLIP (1986) HD	https://www.youtube.com/watch?v=jr0JXSM_0Nk	entertainment.movies.clips	movies	docustyle	documentary	edu.arts.architecture	arts	conversation.formal	formal-interview	True
Khan_Academy_dn9XjHz33O8	Stepping Through the Factorial Program	https://www.youtube.com/watch?v=dn9XjHz33O8	skills.digital.coding	tutorial	writing.stylus	writing-cursor	edu.stem.engineering.computerscience	computersci	keystrokes	typing	True
freeCodeCamp_RZ4p-saaQkc	Vim Tutorial for Beginners	https://www.youtube.com/watch?v=RZ4p-saaQkc	skills.digital.coding	tutorial	screencast	screenrecord	edu.stem.engineering.computerscience	computersci	talkinghead.framecorner	presenter-corner	True
Seth_Meyers_ZD91vbHM3cg	Bill Cowher Avoided Pittsburgh Gas Stations to Dodge Unsolicited Steelers Advice	https://www.youtube.com/watch?v=ZD91vbHM3cg	entertainment.variety.talkshow	talkshows	talkinghead.frameregular	presenter-center	entertainment.sports.team	sports	conversation.formal	formal-interview	True
MIT_OpenCourseWare_ZL0yOsnLDsQ	8. World War II and the Aftermath	https://www.youtube.com/watch?v=ZL0yOsnLDsQ	edu.social.history	history	classroom	classroom	edu.stem.engineering.computerscience	computersci	talkinghead.frameregular	presenter-center	True
Dope_AqKDm1ryD_I	10 Of The Most CRINGE Products We Found Online!	https://www.youtube.com/watch?v=AqKDm1ryD_I	misc.productreview	product-reviews	conversation.casual	talkshows	misc.unboxing	product-reviews	talkinghead.frameregular	presenter-center	True
RottenTomatoes_PKnfWnfvSGM	Virus (1998) - Destroying Hardware Scene (10/10) | Movieclips	https://www.youtube.com/watch?v=PKnfWnfvSGM	entertainment.movies.clips	movies	docustyle	documentary	edu.arts.architecture	arts	talkinghead.framecorner	presenter-corner	True
RottenTomatoes_G6f0w5BRasw	The Karate Kid (2010) - Everything is Kung Fu Scene (4/10) | Movieclips	https://www.youtube.com/watch?v=G6f0w5BRasw	entertainment.movies.clips	movies	practicaldemonstration.science	experiments-science	entertainment.sports.individual	sports	conversation.casual	talkshows	True
Khan_Academy_fUgkIcx82xY	Associative property for multiplication	https://www.youtube.com/watch?v=fUgkIcx82xY	edu.stem.math.algebra	algebra	writing.stylus	writing-cursor	edu.stem.math.arithmetic	math	animated.info	animation-infographic	True
Seth_Meyers_KZDYjcE9mIc	Jennifer Lawrence Wanted Seth to Ask Her Out When She Hosted SNL - Late Night with Seth Meyers	https://www.youtube.com/watch?v=KZDYjcE9mIc	entertainment.variety.celebritycontent	celebritycontent	talkinghead.frameregular	presenter-center	entertainment.variety.talkshow	talkshows	conversation.formal	formal-interview	True
Chris_Williamson_Nchrbof2DPY	You Actually Don't Understand How Cool Joe Rogan Is - Andrew Schulz	https://www.youtube.com/watch?v=Nchrbof2DPY	entertainment.variety.celebritycontent	celebritycontent	conversation.podcast	podcast	entertainment.variety.talkshow	talkshows	conversation.formal	formal-interview	True
CNN_US_News_swMECiSmbFk	Video shows escaped inmate captured by authorities	https://www.youtube.com/watch?v=swMECiSmbFk	news.domestic	domestic-news	talkinghead.frameregular	presenter-center	news.politics	geopolitical-news	docustyle	documentary	True
RottenTomatoes__PvuoEb4yeQ	Step Brothers (8/8) Movie Clip - We Are Getting a Divorce (2008) HD	https://www.youtube.com/watch?v=_PvuoEb4yeQ	entertainment.movies.clips	movies	conversation.casual	talkshows	edu.arts.architecture	arts	talkinghead.framecorner	presenter-corner	True
Fox_US_News_zCAZhzccIhE	Photos show Sean 'Diddy' Combs riding his bike in Miami days after raid	https://www.youtube.com/watch?v=zCAZhzccIhE	news.entertainment	entertainment-news	talkinghead.frameregular	presenter-center	news.domestic	domestic-news	docustyle	documentary	True
RottenTomatoes_yEqjnlWEIcg	Flushed Away (2006) - Shrine To Beauty Scene (3/10) | Movieclips	https://www.youtube.com/watch?v=yEqjnlWEIcg	entertainment.movies.clips	movies	animated.cartoon	animation-cartoon	edu.arts.visual	arts	animated.graphics	animation-graphics	True
RottenTomatoes_RQlXH-KzlXg	The Naked Spur (9/10) Movie CLIP - River Showdown (1953) HD	https://www.youtube.com/watch?v=RQlXH-KzlXg	entertainment.movies.clips	movies	rawfootage	unedited	entertainment.movies.review	movies	talkinghead.framecorner	presenter-corner	True
RottenTomatoes_BkGbYdSwFCU	House of 1000 Corpses (9/10) Movie CLIP - Run Rabbit (2003) HD	https://www.youtube.com/watch?v=BkGbYdSwFCU	entertainment.movies.clips	movies	docustyle	documentary	entertainment.movies.trailer	movies	talkinghead.frameregular	presenter-center	True
Seth_Meyers_cBuvuhcG01I	NBC News' Andrea Mitchell on Trump's Ban on Transgender Troops and Health Care	https://www.youtube.com/watch?v=cBuvuhcG01I	news.politics	geopolitical-news	talkinghead.frameregular	presenter-center	edu.social.politics	politics	conversation.formal	formal-interview	True
French_Cooking_Academy_8GzF7W5KM0g	Sweet & sour glaze | 4 recipes in one	https://www.youtube.com/watch?v=8GzF7W5KM0g	skills.culinary.cooking	culinary	practicaldemonstration.cooking	cooking	lifestyle.food	lifestyle	talkinghead.frameregular	presenter-center	True
NileRed_vPSJRhg4dYk	Making a dye from scratch and coloring socks!	https://www.youtube.com/watch?v=vPSJRhg4dYk	edu.stem.chemistry.organic	chemistry	practicaldemonstration.science	experiments-science	edu.stem.chemistry.analytical	chemistry	writing.stylus	writing-cursor	True
MIT_OpenCourseWare_RYUokJgCnYw	Lec 5 | MIT 4.125 Architecture Studio: Building in Landscape	https://www.youtube.com/watch?v=RYUokJgCnYw	edu.arts.architecture	arts	slides	powerpoint-slides	edu.education.pedagogy.teachingprinciples	teaching	classroom	classroom	True
Seth_Meyers_iQcNz52CMrg	Kenan Thompson‚Äôs Driving Made Seth Squirm in His Seat	https://www.youtube.com/watch?v=iQcNz52CMrg	entertainment.variety.talkshow	talkshows	talkinghead.frameregular	presenter-center	entertainment.variety.latenight	talkshows	conversation.casual	talkshows	True
Real_Science_u1l4aXh1UG8	How We Accidentally Started Making Infinite Robots	https://www.youtube.com/watch?v=u1l4aXh1UG8	edu.stem.biotechnology	biotech	docustyle	documentary	edu.stem.engineering.robotics	engineering	practicaldemonstration.science	experiments-science	True
Khan_Academy_YUzsxLi43gE	Grave Stele of Hegeso	https://www.youtube.com/watch?v=YUzsxLi43gE	edu.arts.arthistory	arts	slides	powerpoint-slides	edu.arts.visual	arts	docustyle	documentary	True
Psych_Hub_GMnHuG3MxhQ	Therapy Cafe - Menopause and Mental Health: Supporting Aging Women	https://www.youtube.com/watch?v=GMnHuG3MxhQ	wellbeing.mentalhealth	wellbeing	talkinghead.frameregular	presenter-center	edu.medicine.endocrinology	medicine	paneldiscussion.virtual	paneldiscussion-virtual	True
Khan_Academy_4HnyNMhkBs0	Mass problems | Measurement and geometry | 3rd grade | Khan Academy	https://www.youtube.com/watch?v=4HnyNMhkBs0	edu.education.pedagogy.teachingprinciples	teaching	writing.stylus	writing-cursor	edu.stem.math.arithmetic	math	talkinghead.framecorner	presenter-corner	True
All4Ed_O0Ie0NGEyoc	Federal Flash: February 6, 2015: Updates on NCLB Fix & President Obama's Budget	https://www.youtube.com/watch?v=O0Ie0NGEyoc	news.domestic	domestic-news	talkinghead.frameregular	presenter-center	edu.social.politics	politics	conversation.formal	formal-interview	True
White_House_fL7Hl34nnY8	09/07/22: Press Briefing by Press Secretary Karine Jean-Pierre	https://www.youtube.com/watch?v=fL7Hl34nnY8	news.politics	geopolitical-news	talkinghead.frameregular	presenter-center	news.health	health-news	persononstage	presenter-onstage	True
OxfordUnion_p13cf96arvo	Vera Wang | Full Q&A | Oxford Union	https://www.youtube.com/watch?v=p13cf96arvo	lifestyle.style.fashion	lifestyle	talkinghead.frameregular	presenter-center	growth.careerdevelopment	selfhelp	conversation.formal	formal-interview	True
Marques_Brownlee_zOMGY22XQs8	The Matte Black OnePlus 3T!	https://www.youtube.com/watch?v=zOMGY22XQs8	misc.productreview	product-reviews	talkinghead.frameregular	presenter-center	news.technology	technology	screencast	screenrecord	True
Jimmy_Fallon_x2ZDHgck1Bs	Hey Robot with Kate McKinnon | The Tonight Show Starring Jimmy Fallon	https://www.youtube.com/watch?v=x2ZDHgck1Bs	entertainment.variety.talkshow	talkshows	skit	skit	edu.stem.engineering.robotics	engineering	conversation.casual	talkshows	True
Chris_Williamson_-M7BIlN5DAI	Why Do Women Prefer Male Bosses?	https://www.youtube.com/watch?v=-M7BIlN5DAI	edu.stem.biology.evolutionarybiology	biology	animated.info	animation-infographic	edu.social.psychology	psychology	talkinghead.frameregular	presenter-center	True
RottenTomatoes_LpxC7_KZ10Y	The Northman (2022) - Confronting Mother Scene | Movieclips	https://www.youtube.com/watch?v=LpxC7_KZ10Y	entertainment.movies.clips	movies	docustyle	documentary	edu.arts.architecture	arts	rawfootage	unedited	True
RottenTomatoes_bk9oFLFDsfE	Finding Neverland (5/10) Movie CLIP - That's Not a Pirate Name! (2004) HD	https://www.youtube.com/watch?v=bk9oFLFDsfE	entertainment.movies.clips	movies	skit	skit	edu.arts.architecture	arts	docustyle	documentary	True
Simplilearn_dB6Nf2MeMxg	üî•Google Cloud Platform Full Course | Google Cloud Platform Tutorial | Cloud Computing | Simplilearn	https://www.youtube.com/watch?v=dB6Nf2MeMxg	edu.stem.engineering.computerscience	computersci	screencast	screenrecord	skills.digital.coding	tutorial	slides	powerpoint-slides	True
Seth_Meyers_mh5fNuRxvT0	Will Forte Teases the MacGruber TV Show	https://www.youtube.com/watch?v=mh5fNuRxvT0	entertainment.variety.talkshow	talkshows	talkinghead.framecorner	presenter-corner	entertainment.variety.celebritycontent	celebritycontent	talkinghead.frameregular	presenter-center	True
BuzzFeed_Celeb_2J8v7kUAa38	Surprise Staring Contest With The Queer Eye Guys	https://www.youtube.com/watch?v=2J8v7kUAa38	entertainment.variety.celebritycontent	celebritycontent	conversation.casual	talkshows	entertainment.reality.living	realitytv	talkinghead.frameregular	presenter-center	True
Seth_Meyers_ZuEASSRhU8Q	Steve Kornacki Explains How the Midterms May Separate the Republican Party from Trump	https://www.youtube.com/watch?v=ZuEASSRhU8Q	edu.social.politics	politics	talkinghead.frameregular	presenter-center	news.politics	geopolitical-news	screencast	screenrecord	True
Seth_Meyers_oOED-BjZH18	Amanda Peet Knows How Game of Thrones Will End	https://www.youtube.com/watch?v=oOED-BjZH18	entertainment.variety.talkshow	talkshows	talkinghead.frameregular	presenter-center	edu.arts.writing	arts	conversation.formal	formal-interview	True
Hacksmith_Industries_onQQlxjHgpo	Make it Real Zarya's Particle Cannon (PART 2/3)	https://www.youtube.com/watch?v=onQQlxjHgpo	edu.stem.engineering.electrical	engineering	practicaldemonstration.engineering	experiments-engineering	edu.stem.engineering.electronics	engineering	talkinghead.frameregular	presenter-center	True
Comedy_Central_Stand_Up_8R_coqrk520	Embarrassing Yourself in Front of Bradley Cooper - Brent Morin	https://www.youtube.com/watch?v=8R_coqrk520	entertainment.comedy.standup	comedy	persononstage	presenter-onstage	entertainment.variety.celebritycontent	celebritycontent	talkinghead.framecorner	presenter-corner	True
Gordon_Ramsay_y5gnlPTXGB4	The WORST Steaks On Kitchen Nightmares	https://www.youtube.com/watch?v=y5gnlPTXGB4	skills.culinary.cooking	culinary	practicaldemonstration.cooking	cooking	entertainment.movies.clips	movies	talkinghead.frameregular	presenter-center	True
Fox_US_News_ELzkpsJx6S4	‚ÄòDEPLORABLE‚Äô: Attorney unpacks major problem in DOJ, SpaceX lawsuit	https://www.youtube.com/watch?v=ELzkpsJx6S4	news.politics	geopolitical-news	talkinghead.frameregular	presenter-center	edu.social.politics	politics	docustyle	documentary	True
Netflix_Is_A_Joke_jfhly7N5-Zg	18 Minutes Of Comedians Reflecting On This Goofy A** Year | Netflix Is a Joke	https://www.youtube.com/watch?v=jfhly7N5-Zg	entertainment.comedy.standup	comedy	persononstage	presenter-onstage	entertainment.variety.talkshow	talkshows	talkinghead.frameregular	presenter-center	True
NYT_Cooking_TIBQNRhPmws	Gochujang-Glazed Eggplant With Fried Scallions | Eric Kim | NYT Cooking	https://www.youtube.com/watch?v=TIBQNRhPmws	lifestyle.food	lifestyle	practicaldemonstration.cooking	cooking	skills.culinary.cooking	culinary	talkinghead.frameregular	presenter-center	True
Marques_Brownlee_7hEPj13PUGc	Pixel 6's Tensor Chip: Let's Talk!	https://www.youtube.com/watch?v=7hEPj13PUGc	news.technology	technology	talkinghead.frameregular	presenter-center	misc.productreview	product-reviews	animated.graphics	animation-graphics	True
