channelName	id	Video	title	url	content1	content_map1	format1	format_map1	content2	content_map2	format2	format_map2	is_embeddable
Real_Time_Bill_Maher	lTFnj-9EY4M	Real_Time_Bill_Maher_lTFnj-9EY4M	New Rule: Straw Man Arguments | Real Time with Bill Maher (HBO)	https://www.youtube.com/watch?v=lTFnj-9EY4M	entertainment.variety.talkshow	talkshows	talkinghead.frameregular	presenter-center	edu.stem.math.logic	math	persononstage	presenter-onstage	True
Sam_the_Cooking_Guy	iIes8pQWSFQ	Sam_the_Cooking_Guy_iIes8pQWSFQ	Top 10 Things to Eat in London: Best British Food | SAM THE COOKING GUY 4K	https://www.youtube.com/watch?v=iIes8pQWSFQ	lifestyle.food	lifestyle	talkinghead.frameregular	presenter-center	skills.culinary.cooking	culinary	docustyle	documentary	True
Khan_Academy	5ui43_O0RVQ	Khan_Academy_5ui43_O0RVQ	Flu surveillance | Infectious diseases | Health & Medicine | Khan Academy	https://www.youtube.com/watch?v=5ui43_O0RVQ	news.health	health-news	writing.stylus	writing-cursor	edu.medicine.publichealth	public_health	animated.info	animation-infographic	True
RottenTomatoes	1jEe_vPgNJE	RottenTomatoes_1jEe_vPgNJE	Happy Death Day 2U (2019) - Time Explosion Scene (3/10) | Movieclips	https://www.youtube.com/watch?v=1jEe_vPgNJE	entertainment.movies.clips	movies	animated.graphics	animation-graphics	edu.stem.physics.relativity	physics	practicaldemonstration.science	experiments-science	True
Seth_Meyers	I7ngInno1pY	Seth_Meyers_I7ngInno1pY	Florence Welch Was in a Band Called the Toxic Cockroaches	https://www.youtube.com/watch?v=I7ngInno1pY	entertainment.variety.talkshow	talkshows	talkinghead.frameregular	presenter-center	edu.arts.music	arts	conversation.casual	talkshows	True
RottenTomatoes	Zxlo0xmD51Y	RottenTomatoes_Zxlo0xmD51Y	Pride and Prejudice and Zombies (2016) - Zombie Trap Scene (3/10) | Movieclips	https://www.youtube.com/watch?v=Zxlo0xmD51Y	entertainment.movies.clips	movies	docustyle	documentary	edu.arts.literature	arts	rawfootage	unedited	True
RottenTomatoes	vpEzjIPGYoE	RottenTomatoes_vpEzjIPGYoE	The Best 1980s Horror Movies | Countdown	https://www.youtube.com/watch?v=vpEzjIPGYoE	entertainment.movies.review	movies	docustyle	documentary	news.entertainment	entertainment-news	animated.graphics	animation-graphics	True
Insane_Curiosity	jbY9p8f8-Ck	Insane_Curiosity_jbY9p8f8-Ck	Surprise: It's No Longer Olympus Mons The Highest Mountain in The Solar System!	https://www.youtube.com/watch?v=jbY9p8f8-Ck	edu.stem.astronomy	astronomy	docustyle	documentary	entertainment.sports.adventure	sports	animated.graphics	animation-graphics	True
Motivation2Study	I9lB7E-qX8A	Motivation2Study_I9lB7E-qX8A	NEUROSCIENTIST - You Will NEVER Feel Stressed AGAIN! | Andrew Huberman	https://www.youtube.com/watch?v=I9lB7E-qX8A	wellbeing.mentalhealth	wellbeing	talkinghead.frameregular	presenter-center	edu.stem.neuroscience	neurosci	animated.info	animation-infographic	True
Khan_Academy	oTbvYGH_Hiw	Khan_Academy_oTbvYGH_Hiw	Electoral college | American civics | US History | Khan Academy	https://www.youtube.com/watch?v=oTbvYGH_Hiw	edu.social.politics	politics	writing.stylus	writing-cursor	news.politics	geopolitical-news	animated.graphics	animation-graphics	True
IBM_Technology	rLms76Q8bS4	IBM_Technology_rLms76Q8bS4	Autonomous Revolution: The Intersection of AI, Cyber Security, and Connected Cars	https://www.youtube.com/watch?v=rLms76Q8bS4	edu.stem.engineering.automotive	engineering	talkinghead.framecorner	presenter-corner	edu.stem.engineering.computerscience	computersci	animated.graphics	animation-graphics	True
Simplilearn	E-NciVkZFVs	Simplilearn_E-NciVkZFVs	XML Tutorial For Beginners | XML Tutorial | What Is XML? | Learn XML For Beginners | Simplilearn	https://www.youtube.com/watch?v=E-NciVkZFVs	skills.digital.coding	tutorial	animated.info	animation-infographic	edu.stem.engineering.computerscience	computersci	animated.graphics	animation-graphics	True
RottenTomatoes	i42y4pdpBfA	RottenTomatoes_i42y4pdpBfA	Jigsaw (2017) - Scream, or Don't Scene (9/10) | Movieclips	https://www.youtube.com/watch?v=i42y4pdpBfA	entertainment.movies.clips	movies	docustyle	documentary	entertainment.reality.competition	competitions	rawfootage	unedited	True
Law_Crime_Network	YTmFOIKZNKg	Law_Crime_Network_YTmFOIKZNKg	‚ÄòArt of Bullsh*t‚Äô: Alex Murdaugh Manipulated Clients to Steal Money, CFO Testifies	https://www.youtube.com/watch?v=YTmFOIKZNKg	edu.social.law	law	talkinghead.frameregular	presenter-center	news.domestic	domestic-news	docustyle	documentary	True
The_Royal_Institution	OYZT3opLedc	The_Royal_Institution_OYZT3opLedc	The Chemistry of Fire and Gunpowder - with Andrew Szydlo	https://www.youtube.com/watch?v=OYZT3opLedc	edu.stem.chemistry.organic	chemistry	persononstage	presenter-onstage	edu.stem.chemistry.inorganic	chemistry	talkinghead.frameregular	presenter-center	True
The_Late_Show_Stephen_Colbert	sKCeqiWA-gQ	The_Late_Show_Stephen_Colbert_sKCeqiWA-gQ	Meanwhile... Put That Pickle Back In The Jar!	https://www.youtube.com/watch?v=sKCeqiWA-gQ	entertainment.variety.latenight	talkshows	talkinghead.frameregular	presenter-center	entertainment.variety.talkshow	talkshows	animated.info	animation-infographic	True
Khan_Academy	z_guKLKwjgY	Khan_Academy_z_guKLKwjgY	P.H. Emerson's Naturalistic Photography	https://www.youtube.com/watch?v=z_guKLKwjgY	edu.arts.visual	arts	docustyle	documentary	edu.arts.arthistory	arts	slides	powerpoint-slides	True
Sam_the_Cooking_Guy	cFZDnn3mPO0	Sam_the_Cooking_Guy_cFZDnn3mPO0	THE BEST BACON WRAPPED JALAPE√ëO POPPERS | SAM THE COOKING GUY 4K	https://www.youtube.com/watch?v=cFZDnn3mPO0	skills.culinary.cooking	culinary	practicaldemonstration.cooking	cooking	lifestyle.food	lifestyle	talkinghead.frameregular	presenter-center	True
NYT_Cooking	g6d7vcnYFSg	NYT_Cooking_g6d7vcnYFSg	How to Make Pupusas With Ham El-Waylly | NYT Cooking	https://www.youtube.com/watch?v=g6d7vcnYFSg	skills.culinary.cooking	culinary	practicaldemonstration.cooking	cooking	lifestyle.food	lifestyle	talkinghead.frameregular	presenter-center	True
TED	cHKs2aVxOmQ	TED_cHKs2aVxOmQ	How to deal with your insomnia ‚Äî and finally get to sleep | Sleeping with Science	https://www.youtube.com/watch?v=cHKs2aVxOmQ	wellbeing.mentalhealth	wellbeing	talkinghead.frameregular	presenter-center	edu.medicine.psychiatry	medicine	animated.info	animation-infographic	True
Khan_Academy	ZyyaE3DIxhc	Khan_Academy_ZyyaE3DIxhc	Fractional Reserve Banking Commentary 1	https://www.youtube.com/watch?v=ZyyaE3DIxhc	edu.business.economics	economics	writing.stylus	writing-cursor	edu.business.finance	finance	animated.info	animation-infographic	True
Chris_Williamson	yoiUG1a013U	Chris_Williamson_yoiUG1a013U	The Supplement Stack Everyone Should Be Taking - Dr Layne Norton	https://www.youtube.com/watch?v=yoiUG1a013U	edu.medicine.pharmacy	medicine	conversation.podcast	podcast	wellbeing.fitness	wellbeing	talkinghead.frameregular	presenter-center	True
Khan_Academy	rVI5Sjm0xKI	Khan_Academy_rVI5Sjm0xKI	This video has been updated, please see below .... (Fragonard, The Swing)	https://www.youtube.com/watch?v=rVI5Sjm0xKI	edu.arts.arthistory	arts	placeholderdisplay	static-screen	edu.arts.visual	arts	slides	powerpoint-slides	True
DanTDM	BtBRs-eucVo	DanTDM_BtBRs-eucVo	A Personal Update	https://www.youtube.com/watch?v=BtBRs-eucVo	wellbeing.mentalhealth	wellbeing	talkinghead.frameregular	presenter-center	vlog.daily	vlog	vlog	vlog	True
Huberman	_ltcLEM-5HU	Huberman__ltcLEM-5HU	How to Improve Your Eye Health & Offset Vision Loss | Dr. Jeffrey Goldberg	https://www.youtube.com/watch?v=_ltcLEM-5HU	edu.medicine.other	medicine	conversation.podcast	podcast	edu.medicine.publichealth	public_health	talkinghead.frameregular	presenter-center	True
RottenTomatoes	Wh2rJ1zNQEQ	RottenTomatoes_Wh2rJ1zNQEQ	The Possession (2012) POP-UP TRAILER - HD Jeffrey Dean Morgan Movie	https://www.youtube.com/watch?v=Wh2rJ1zNQEQ	entertainment.movies.trailer	movies	talkinghead.framecorner	presenter-corner	entertainment.movies.clips	movies	animated.graphics	animation-graphics	True
Netflix_Is_A_Joke	et2O5fdK8DY	Netflix_Is_A_Joke_et2O5fdK8DY	8 Minutes of Dad Jokes With Nate Bargatze	https://www.youtube.com/watch?v=et2O5fdK8DY	entertainment.comedy.standup	comedy	persononstage	presenter-onstage	vlog.daily	vlog	talkinghead.frameregular	presenter-center	True
PewDiePie	X-_K-S10Ccg	PewDiePie_X-_K-S10Ccg	GORN - Gameplay - Epic VR	https://www.youtube.com/watch?v=X-_K-S10Ccg	gaming.gameplay	gaming	gaming	gaming	vlog.daily	vlog	pov.realworld	firstperson-pov	True
TED_Ed	jP-9AD0wMOk	TED_Ed_jP-9AD0wMOk	What causes heartburn? - Rusha Modi	https://www.youtube.com/watch?v=jP-9AD0wMOk	edu.medicine.gastroenterology	medicine	crafts.cutouts	animation-cutouts	news.health	health-news	animated.info	animation-infographic	True
MIT_OpenCourseWare	noKXLhp6jbk	MIT_OpenCourseWare_noKXLhp6jbk	11. Protein Folding 4	https://www.youtube.com/watch?v=noKXLhp6jbk	edu.stem.biology.molecularbiology	biology	classroom	classroom	edu.stem.biology.cellbiology	biology	talkinghead.frameregular	presenter-center	True
Science_Olympiad_TV	BJqNWeYi_Qg	Science_Olympiad_TV_BJqNWeYi_Qg	Science Olympiad: 2021 National Tournament Cheer Video	https://www.youtube.com/watch?v=BJqNWeYi_Qg	entertainment.reality.competition	competitions	skit	skit	edu.arts.architecture	arts	conversation.casual	talkshows	True
SmarterEveryDay	NY43w15joPE	SmarterEveryDay_NY43w15joPE	Eyeballs vs. Bullets in SlowMo - Smarter Every Day 26	https://www.youtube.com/watch?v=NY43w15joPE	vlog.daily	vlog	talkinghead.frameregular	presenter-center	edu.stem.biology.cellbiology	biology	practicaldemonstration.science	experiments-science	True
Engineering_Explained	N71CY9M4ZnE	Engineering_Explained_N71CY9M4ZnE	2018 Subaru WRX STI Type RA Review - The $50,000 STI	https://www.youtube.com/watch?v=N71CY9M4ZnE	edu.stem.engineering.automotive	engineering	practicaldemonstration.engineering	experiments-engineering	edu.stem.engineering.mechanical	engineering	docustyle	documentary	True
NYT_Podcasts	DAZN9pTYUXc	NYT_Podcasts_DAZN9pTYUXc	The Deserter: Parts 4 and 5	https://www.youtube.com/watch?v=DAZN9pTYUXc	news.international	geopolitical-news	placeholderdisplay	static-screen	news.politics	geopolitical-news	rawfootage	unedited	True
Math_and_Science	8HB2UXoXT5E	Math_and_Science_8HB2UXoXT5E	08 - Solving Exponential Equations - Part 1 - Solve for the Exponent	https://www.youtube.com/watch?v=8HB2UXoXT5E	edu.stem.math.algebra	algebra	talkinghead.frameregular	presenter-center	edu.arts.architecture	arts	board.whiteboard	whiteboard	True
MIT_OpenCourseWare	DZ7jt1F8KKw	MIT_OpenCourseWare_DZ7jt1F8KKw	5. Dynamic Optimality I	https://www.youtube.com/watch?v=DZ7jt1F8KKw	edu.stem.engineering.computerscience	computersci	board.chalkboard	chalkboard	skills.digital.coding	tutorial	talkinghead.frameregular	presenter-center	True
RottenTomatoes	DOmIpiTMs2w	RottenTomatoes_DOmIpiTMs2w	La La Land (2016) - I Ran Scene (4/11) | Movieclips	https://www.youtube.com/watch?v=DOmIpiTMs2w	entertainment.movies.clips	movies	docustyle	documentary	entertainment.drama.musical	drama	persononstage	presenter-onstage	True
The_Daily_Show	mnbYdTa81nQ	The_Daily_Show_mnbYdTa81nQ	"Joel Kim Booster - ""Outstanding: A Comedy Revolution"" & The Impact of Queer Comedy | The Daily Show"	https://www.youtube.com/watch?v=mnbYdTa81nQ	entertainment.variety.talkshow	talkshows	conversation.formal	formal-interview	entertainment.comedy.standup	comedy	talkinghead.frameregular	presenter-center	True
Seth_Meyers	hNPJhR7qZ4g	Seth_Meyers_hNPJhR7qZ4g	Matt Damon Talks Air and His Daughter Refusing to Watch His Movies	https://www.youtube.com/watch?v=hNPJhR7qZ4g	entertainment.variety.latenight	talkshows	talkinghead.frameregular	presenter-center	entertainment.variety.talkshow	talkshows	conversation.casual	talkshows	True
Fireship	zsjvFFKOm3c	Fireship_zsjvFFKOm3c	SQL Explained in 100 Seconds	https://www.youtube.com/watch?v=zsjvFFKOm3c	skills.digital.coding	tutorial	animated.info	animation-infographic	edu.stem.engineering.computerscience	computersci	animated.graphics	animation-graphics	True
Education_Week	Emj0ISVuqso	Education_Week_Emj0ISVuqso	Teachers, Try This: Teach Kindness Through Words and Actions	https://www.youtube.com/watch?v=Emj0ISVuqso	edu.education.pedagogy.teachingprinciples	teaching	talkinghead.frameregular	presenter-center	growth.motivational	selfhelp	classroom	classroom	True
RottenTomatoes	Qbnv6eHKjCQ	RottenTomatoes_Qbnv6eHKjCQ	The Meaning of Life (2/11) Movie CLIP - The Miracle of Birth (1983) HD	https://www.youtube.com/watch?v=Qbnv6eHKjCQ	entertainment.movies.clips	movies	skit	skit	edu.medicine.pediatrics	medicine	docustyle	documentary	True
Dont_Tell_Comedy	BvBfkLuIRuk	Dont_Tell_Comedy_BvBfkLuIRuk	Boarding a Plane üé§: @JcComedian #standup #donttellcomedy #standupcomedy #jokes #comedian	https://www.youtube.com/watch?v=BvBfkLuIRuk	entertainment.comedy.standup	comedy	persononstage	presenter-onstage	vlog.daily	vlog	talkinghead.frameregular	presenter-center	True
Comedy_Dynamics	uAjPRFk3qJ4	Comedy_Dynamics_uAjPRFk3qJ4	Porn Has Evolved - Lemme and Heffernan	https://www.youtube.com/watch?v=uAjPRFk3qJ4	entertainment.comedy.standup	comedy	persononstage	presenter-onstage	entertainment.variety.talkshow	talkshows	talkinghead.framecorner	presenter-corner	True
StarTalk	aiqTdPHAKQk	StarTalk_aiqTdPHAKQk	You may have a centrifuge on your shelf right now‚Ä¶	https://www.youtube.com/watch?v=aiqTdPHAKQk	edu.stem.physics.mechanics	physics	talkinghead.frameregular	presenter-center	edu.stem.physics.relativity	physics	conversation.formal	formal-interview	True
Marques_Brownlee	il9SZU_nsVc	Marques_Brownlee_il9SZU_nsVc	What's in my Tech Bag! [2020]	https://www.youtube.com/watch?v=il9SZU_nsVc	vlog.daily	vlog	talkinghead.frameregular	presenter-center	misc.unboxing	product-reviews	vlog	vlog	True
Geography_Bible	CVYZw7A0md0	Geography_Bible_CVYZw7A0md0	Extreme Positions Of Cities Around The World	https://www.youtube.com/watch?v=CVYZw7A0md0	vlog.travel	vlog	animated.info	animation-infographic	news.international	geopolitical-news	animated.graphics	animation-graphics	True
Khan_Academy	2JxIjfqKTLs	Khan_Academy_2JxIjfqKTLs	De√´sis mosaic, Hagia Sophia, Istanbul	https://www.youtube.com/watch?v=2JxIjfqKTLs	edu.arts.arthistory	arts	docustyle	documentary	edu.arts.visual	arts	animated.info	animation-infographic	True
PBS_Eons	-XuPtW8lBCM	PBS_Eons_-XuPtW8lBCM	When Ants Domesticated Fungi	https://www.youtube.com/watch?v=-XuPtW8lBCM	edu.stem.biology.evolutionarybiology	biology	animated.info	animation-infographic	edu.stem.biology.ecology	biology	docustyle	documentary	True
Comedy_Dynamics	ynbTqAI7als	Comedy_Dynamics_ynbTqAI7als	Marriage Goals - Ester Steinberg	https://www.youtube.com/watch?v=ynbTqAI7als	entertainment.comedy.sketch	comedy	persononstage	presenter-onstage	entertainment.comedy.standup	comedy	talkinghead.frameregular	presenter-center	True
TED_Ed	3Bax8ijH038	TED_Ed_3Bax8ijH038	Why are eating disorders so hard to treat? - Anees Bahji	https://www.youtube.com/watch?v=3Bax8ijH038	wellbeing.mentalhealth	wellbeing	animated.info	animation-infographic	edu.medicine.psychiatry	medicine	writing.stylus	writing-cursor	True
RottenTomatoes	GKuQDM9OlAQ	RottenTomatoes_GKuQDM9OlAQ	The Longest Yard (8/9) Movie CLIP - Fourth and Twenty (2005) HD	https://www.youtube.com/watch?v=GKuQDM9OlAQ	entertainment.movies.clips	movies	docustyle	documentary	entertainment.sports.team	sports	talkinghead.framecorner	presenter-corner	True
RottenTomatoes	WQP_cY7FAyQ	RottenTomatoes_WQP_cY7FAyQ	The First Purge (2018) - A Dance With Death Scene (2/10) | Movieclips	https://www.youtube.com/watch?v=WQP_cY7FAyQ	entertainment.movies.clips	movies	dance	dance	news.entertainment	entertainment-news	docustyle	documentary	True
Life_Advice	fR-ooR-4Nnw	Life_Advice_fR-ooR-4Nnw	Is This Stealing | Ryen Russillo Life Advice	https://www.youtube.com/watch?v=fR-ooR-4Nnw	entertainment.variety.talkshow	talkshows	talkinghead.frameregular	presenter-center	wellbeing.fitness	wellbeing	placeholderdisplay	static-screen	True
Dont_Tell_Comedy	Z-NQnUDrWz4	Dont_Tell_Comedy_Z-NQnUDrWz4	‚ÄúAnxiety‚Äù üé§: Emily Catalano - #comedy #emilycatalano #donttellcomedy #shorts	https://www.youtube.com/watch?v=Z-NQnUDrWz4	entertainment.comedy.standup	comedy	talkinghead.frameregular	presenter-center	wellbeing.mentalhealth	wellbeing	talkinghead.framecorner	presenter-corner	True
Kati_Morton	lvW4-gxr0Fo	Kati_Morton_lvW4-gxr0Fo	Being In A Relationship with a Narcissist	https://www.youtube.com/watch?v=lvW4-gxr0Fo	wellbeing.mentalhealth	wellbeing	talkinghead.frameregular	presenter-center	edu.medicine.psychiatry	medicine	vlog	vlog	True
Seth_Meyers	kcElZfFrbts	Seth_Meyers_kcElZfFrbts	Grace Gummer Talks Mr. Robot	https://www.youtube.com/watch?v=kcElZfFrbts	entertainment.variety.talkshow	talkshows	conversation.formal	formal-interview	entertainment.variety.celebritycontent	celebritycontent	talkinghead.frameregular	presenter-center	True
Stanford	cWWwt3YCdqo	Stanford_cWWwt3YCdqo	Precourt Institute for Energy at Stanford: The Grand Challenge	https://www.youtube.com/watch?v=cWWwt3YCdqo	edu.stem.engineering.energy	engineering	slides	powerpoint-slides	edu.stem.engineering.sustainability	engineering	paneldiscussion.inperson	paneldiscussion-inperson	True
Comedy_Central_Stand_Up	f2qBcAdSsK4	Comedy_Central_Stand_Up_f2qBcAdSsK4	Steve Rannazzisi: Manchild - The The S**tter & The Quitter	https://www.youtube.com/watch?v=f2qBcAdSsK4	entertainment.comedy.standup	comedy	persononstage	presenter-onstage	edu.arts.architecture	arts	talkinghead.frameregular	presenter-center	True
Practical_Engineering	uvf0lD5xzH0	Practical_Engineering_uvf0lD5xzH0	Compress Air with No Moving Parts! - Trompe	https://www.youtube.com/watch?v=uvf0lD5xzH0	edu.stem.engineering.mechanical	engineering	practicaldemonstration.engineering	experiments-engineering	edu.social.history	history	practicaldemonstration.science	experiments-science	True
Khan_Academy	3yBYXNW1Nls	Khan_Academy_3yBYXNW1Nls	Finding trig functions of special angles example | Trigonometry | Khan Academy	https://www.youtube.com/watch?v=3yBYXNW1Nls	edu.stem.math.trigonometry	math	writing.stylus	writing-cursor	edu.stem.math.geometry	math	animated.graphics	animation-graphics	True
National_Geographic	SV9y6ktC84k	National_Geographic_SV9y6ktC84k	Great White and Oceanic Whitetip Sharks: Photographing Top Ocean Predators  (Part 3) | Nat Geo Live	https://www.youtube.com/watch?v=SV9y6ktC84k	edu.stem.biology.marinebiology	biology	persononstage	presenter-onstage	edu.stem.biology.zoology	biology	slides	powerpoint-slides	True
RottenTomatoes	zu9vz_Krzb0	RottenTomatoes_zu9vz_Krzb0	Sharknado 3: Oh Hell No! (1/10) Movie CLIP - God Bless America (2015) HD	https://www.youtube.com/watch?v=zu9vz_Krzb0	entertainment.movies.clips	movies	skit	skit	entertainment.comedy.parody	comedy	docustyle	documentary	True
Khan_Academy	tj5AtYoKqvs	Khan_Academy_tj5AtYoKqvs	Dividing mixed numbers example	https://www.youtube.com/watch?v=tj5AtYoKqvs	edu.stem.math.arithmetic	math	writing.stylus	writing-cursor	edu.stem.math.algebra	algebra	talkinghead.framecorner	presenter-corner	True
Fireship	0M8AYU_hPas	Fireship_0M8AYU_hPas	NestJS in 100 Seconds	https://www.youtube.com/watch?v=0M8AYU_hPas	skills.digital.coding	tutorial	animated.graphics	animation-graphics	edu.stem.engineering.computerscience	computersci	screencast	screenrecord	True
White_House	YOuV_HunCTY	White_House_YOuV_HunCTY	12/06/21: Press Briefing by Press Secretary Jen  Psaki	https://www.youtube.com/watch?v=YOuV_HunCTY	news.politics	geopolitical-news	talkinghead.frameregular	presenter-center	edu.medicine.publichealth	public_health	persononstage	presenter-onstage	True
Practical_Wisdom_Interesting_Ideas	k9hiIqqtyBI	Practical_Wisdom_Interesting_Ideas_k9hiIqqtyBI	12 easy steps to overcome any addiction	https://www.youtube.com/watch?v=k9hiIqqtyBI	wellbeing.mentalhealth	wellbeing	animated.graphics	animation-graphics	growth.motivational	selfhelp	animated.info	animation-infographic	True
The_Daily_Show	ry_hKpYz0xc	The_Daily_Show_ry_hKpYz0xc	The FULL List of Trump‚Äôs Most Tremendous Scandals | The Daily Social Distancing Show	https://www.youtube.com/watch?v=ry_hKpYz0xc	news.politics	geopolitical-news	talkinghead.frameregular	presenter-center	edu.social.politics	politics	animated.graphics	animation-graphics	True
The_Coding_Train	r94kI6my0QQ	The_Coding_Train_r94kI6my0QQ	3.3 Mapping Database Entries with Leaflet.js - Working with Data and APIs in JavaScript	https://www.youtube.com/watch?v=r94kI6my0QQ	skills.digital.coding	tutorial	talkinghead.framecorner	presenter-corner	edu.stem.engineering.computerscience	computersci	screencast	screenrecord	True
RottenTomatoes	ptkVgJGvUyQ	RottenTomatoes_ptkVgJGvUyQ	Avengers Confidential (2014) - Black Widow's Long Lost Lover | Movieclips	https://www.youtube.com/watch?v=ptkVgJGvUyQ	entertainment.movies.clips	movies	animated.cartoon	animation-cartoon	edu.arts.architecture	arts	animated.graphics	animation-graphics	True
YaleCourses	UTNyAV3YUbI	YaleCourses_UTNyAV3YUbI	15. Female Disadvantage	https://www.youtube.com/watch?v=UTNyAV3YUbI	edu.social.sociology	sociology	slides	powerpoint-slides	edu.social.history	history	talkinghead.frameregular	presenter-center	True
RottenTomatoes	Xt2JzDaHiNM	RottenTomatoes_Xt2JzDaHiNM	Red Dawn (9/9) Movie CLIP - Vaya Con Dios (1984) HD	https://www.youtube.com/watch?v=Xt2JzDaHiNM	entertainment.movies.clips	movies	docustyle	documentary	edu.arts.architecture	arts	rawfootage	unedited	True
NYT_Podcasts	eIX8o8Volxk	NYT_Podcasts_eIX8o8Volxk	How the Election Is Sinking a $15 Billion Business Deal	https://www.youtube.com/watch?v=eIX8o8Volxk	edu.social.politics	politics	placeholderdisplay	static-screen	news.politics	geopolitical-news	rawfootage	unedited	True
MIT_OpenCourseWare	V-eWuHXZGnw	MIT_OpenCourseWare_V-eWuHXZGnw	Lec 5 | MIT 5.95J Teaching College-Level Science and Engineering, Spring 2009	https://www.youtube.com/watch?v=V-eWuHXZGnw	edu.education.pedagogy.teachingprinciples	teaching	classroom	classroom	growth.careerdevelopment	selfhelp	board.chalkboard	chalkboard	True
PBS_Terra	eMy2_A3Z26g	PBS_Terra_eMy2_A3Z26g	The Internet Is Made of Glass and Lasers | Out of Our Elements	https://www.youtube.com/watch?v=eMy2_A3Z26g	edu.stem.physics.optics	physics	animated.info	animation-infographic	edu.stem.chemistry.materials	chemistry	animated.graphics	animation-graphics	True
James_Corden	pCjY3ZQY8WY	James_Corden_pCjY3ZQY8WY	Spill Your Guts or Fill Your Guts w/ Gordon Ramsay	https://www.youtube.com/watch?v=pCjY3ZQY8WY	entertainment.variety.talkshow	talkshows	talkinghead.frameregular	presenter-center	skills.culinary.cooking	culinary	conversation.casual	talkshows	True
Khan_Academy	rDb0G066k5w	Khan_Academy_rDb0G066k5w	The vowel-shift irregular verb | The parts of speech | Grammar | Khan Academy	https://www.youtube.com/watch?v=rDb0G066k5w	language.teachinglanguage	teaching	writing.stylus	writing-cursor	edu.arts.languages	arts	animated.info	animation-infographic	True
AumSum_Time	_8e-ZdjwSqo	AumSum_Time__8e-ZdjwSqo	What if 50% Humans shifted to Jupiter? + more videos | #aumsum #kids #science #education #whatif	https://www.youtube.com/watch?v=_8e-ZdjwSqo	edu.stem.physics.optics	physics	animated.cartoon	animation-cartoon	edu.medicine.physiology	medicine	animated.graphics	animation-graphics	True
Conan_OBrien	dFQ07d_jAfw	Conan_OBrien_dFQ07d_jAfw	Patrick Stewart Didn‚Äôt Want To Look At His Wax Figure | Late Night with Conan O‚ÄôBrien	https://www.youtube.com/watch?v=dFQ07d_jAfw	entertainment.variety.talkshow	talkshows	talkinghead.frameregular	presenter-center	entertainment.variety.latenight	talkshows	conversation.casual	talkshows	True
MIT_OpenCourseWare	PPl-7_RL0Ko	MIT_OpenCourseWare_PPl-7_RL0Ko	17. Stochastic Processes II	https://www.youtube.com/watch?v=PPl-7_RL0Ko	edu.stem.math.probability	datasci	board.chalkboard	chalkboard	edu.business.economics	economics	classroom	classroom	True
Not_Another_Cooking_Show	GOTBVKzzCc0	Not_Another_Cooking_Show_GOTBVKzzCc0	how I SHOOT & EDIT my youtube cooking show	https://www.youtube.com/watch?v=GOTBVKzzCc0	lifestyle.food	lifestyle	vlog	vlog	skills.culinary.cooking	culinary	talkinghead.frameregular	presenter-center	True
The_Innomind	SayBMCwgEQ0	The_Innomind_SayBMCwgEQ0	Chapter 15: Understanding Light Dependent Resistors (LDR) | Mastering Arduino Course	https://www.youtube.com/watch?v=SayBMCwgEQ0	skills.digital.coding	tutorial	slides	powerpoint-slides	edu.stem.engineering.electronics	engineering	animation.powerpoint	animation-powerpoint	True
Variety	8OWoP07Y27g	Variety_8OWoP07Y27g	Quentin Tarantino didn't want Diane Kr√ºger for Inglorious Basterds	https://www.youtube.com/watch?v=8OWoP07Y27g	entertainment.variety.talkshow	talkshows	talkinghead.frameregular	presenter-center	edu.arts.acting	arts	conversation.formal	formal-interview	True
Khan_Academy	w616LEmrHVE	Khan_Academy_w616LEmrHVE	Adding decimals: example 3 | Decimals | Pre-Algebra | Khan Academy	https://www.youtube.com/watch?v=w616LEmrHVE	edu.stem.math.arithmetic	math	writing.stylus	writing-cursor	edu.stem.math.algebra	algebra	talkinghead.framecorner	presenter-corner	True
CrashCourse	eWHH9je2zG4	CrashCourse_eWHH9je2zG4	Endocrine System, Part 1 - Glands & Hormones: Crash Course Anatomy & Physiology #23	https://www.youtube.com/watch?v=eWHH9je2zG4	edu.medicine.endocrinology	medicine	talkinghead.frameregular	presenter-center	edu.medicine.physiology	medicine	animated.info	animation-infographic	True
Khan_Academy	920PtNX-WCE	Khan_Academy_920PtNX-WCE	Permeability and membrane potentials | Circulatory system physiology | NCLEX-RN | Khan Academy	https://www.youtube.com/watch?v=920PtNX-WCE	edu.medicine.physiology	medicine	writing.stylus	writing-cursor	edu.arts.architecture	arts	animated.info	animation-infographic	True
jacksepticeye	nO-krY8GJJY	jacksepticeye_nO-krY8GJJY	WHAT HAPPENED TO ROGER'S HEAD? | Totally Accurate Battle Simulator #8	https://www.youtube.com/watch?v=nO-krY8GJJY	gaming.gameplay	gaming	gaming	gaming	vlog.daily	vlog	talkinghead.framecorner	presenter-corner	True
RottenTomatoes	-19d_T472co	RottenTomatoes_-19d_T472co	Puss in Boots (2011) - Cat Dance Fight Scene (2/10) | Movieclips	https://www.youtube.com/watch?v=-19d_T472co	entertainment.movies.clips	movies	animated.cartoon	animation-cartoon	entertainment.music	music	dance	dance	True
The_Royal_Institution	_IL-cHlVcKc	The_Royal_Institution__IL-cHlVcKc	Chromosome 1 - The Stuff of Life	https://www.youtube.com/watch?v=_IL-cHlVcKc	edu.stem.biology.genetics	biology	talkinghead.frameregular	presenter-center	edu.stem.biology.molecularbiology	biology	docustyle	documentary	True
RottenTomatoes	joJ9HnCKNZI	RottenTomatoes_joJ9HnCKNZI	Jigsaw (2017) - Buckets and Buzzsaws Scene (1/10) | Movieclips	https://www.youtube.com/watch?v=joJ9HnCKNZI	entertainment.movies.clips	movies	docustyle	documentary	entertainment.reality.competition	competitions	talkinghead.framecorner	presenter-corner	True
RottenTomatoes	_HuG8yke40A	RottenTomatoes__HuG8yke40A	PAW Patrol: The Mighty Movie (2023) - Skye vs. The Giant Meteor Scene | Movieclips	https://www.youtube.com/watch?v=_HuG8yke40A	entertainment.movies.clips	movies	animated.cartoon	animation-cartoon	entertainment.drama.shortfilm	drama	animated.graphics	animation-graphics	True
RottenTomatoes	VlSbGcpGths	RottenTomatoes_VlSbGcpGths	Moonlight Movie CLIP - All Love All Pride (2016) - Janelle Mon√°e Movie	https://www.youtube.com/watch?v=VlSbGcpGths	vlog.daily	vlog	conversation.casual	talkshows	growth.motivational	selfhelp	talkinghead.frameregular	presenter-center	True
ESPN	5LykEEEWUSU	ESPN_5LykEEEWUSU	NBA Playoff Reaction üçø Knicks blow out Celtics to make ECF for first time since 2000 | SportsCenter	https://www.youtube.com/watch?v=5LykEEEWUSU	news.sports	sports-news	animated.info	animation-infographic	entertainment.sports.team	sports	persononstage	presenter-onstage	True
National_Geographic	kfKrPGfwgkI	National_Geographic_kfKrPGfwgkI	Lipstick | Ingredients With George Zaidan (Episode 2)	https://www.youtube.com/watch?v=kfKrPGfwgkI	lifestyle.style.beauty	lifestyle	talkinghead.frameregular	presenter-center	edu.stem.chemistry.analytical	chemistry	animated.info	animation-infographic	True
The_Coding_Train	o1Ob28sF0N8	The_Coding_Train_o1Ob28sF0N8	11.10: Computer Vision: Adding Lifespan to Blobs - Processing Tutorial	https://www.youtube.com/watch?v=o1Ob28sF0N8	skills.digital.coding	tutorial	talkinghead.framecorner	presenter-corner	edu.stem.engineering.computerscience	computersci	screencast	screenrecord	True
RottenTomatoes	7ikLl_nUM2A	RottenTomatoes_7ikLl_nUM2A	The Hunger Games (11/12) Movie CLIP - The Kiss (2012) HD	https://www.youtube.com/watch?v=7ikLl_nUM2A	entertainment.movies.clips	movies	docustyle	documentary	entertainment.reality.competition	competitions	conversation.casual	talkshows	True
National_Geographic	EeI7D2dln98	National_Geographic_EeI7D2dln98	Colombia Death Trap | National Geographic	https://www.youtube.com/watch?v=EeI7D2dln98	vlog.daily	vlog	docustyle	documentary	entertainment.sports.extremes	sports	talkinghead.frameregular	presenter-center	True
White_House	j88qi-sykWo	White_House_j88qi-sykWo	02/11/21: Press Briefing by Press Secretary Jen Psaki	https://www.youtube.com/watch?v=j88qi-sykWo	news.politics	geopolitical-news	talkinghead.frameregular	presenter-center	news.international	geopolitical-news	docustyle	documentary	True
StarTalk	VuT-jGUX6bc	StarTalk_VuT-jGUX6bc	Can A Dark Matter Planet Exist!? üò≥	https://www.youtube.com/watch?v=VuT-jGUX6bc	edu.stem.astronomy	astronomy	paneldiscussion.virtual	paneldiscussion-virtual	edu.stem.physics.matter	physics	animated.graphics	animation-graphics	True
Motivation2Study	ZWAxuafihSk	Motivation2Study_ZWAxuafihSk	The toxic study motivation mindset  üìö‚ú®‚úçÔ∏è #motivation #mindset #jockowillink	https://www.youtube.com/watch?v=ZWAxuafihSk	growth.motivational	selfhelp	talkinghead.frameregular	presenter-center	wellbeing.fitness	wellbeing	keystrokes	typing	True
Professor_Dave_Explains	du8LEI7WVHk	Professor_Dave_Explains_du8LEI7WVHk	Organometallic Reactions Part 4: Migratory Insertions	https://www.youtube.com/watch?v=du8LEI7WVHk	edu.stem.chemistry.organic	chemistry	writing.stylus	writing-cursor	edu.stem.chemistry.inorganic	chemistry	animated.info	animation-infographic	True
The_School_of_Life	nhd5Aqjkq1w	The_School_of_Life_nhd5Aqjkq1w	12 Questions to Evaluate your Parents	https://www.youtube.com/watch?v=nhd5Aqjkq1w	growth.motivational	selfhelp	animated.info	animation-infographic	edu.medicine.pediatrics	medicine	crafts.cutouts	animation-cutouts	True
MIT_OpenCourseWare	br3mu-IK9N8	MIT_OpenCourseWare_br3mu-IK9N8	3.2.6 CMOS Timing	https://www.youtube.com/watch?v=br3mu-IK9N8	edu.stem.engineering.electronics	engineering	slides	powerpoint-slides	edu.stem.engineering.electrical	engineering	classroom	classroom	True
Stanford	4bxvtpxa0Co	Stanford_4bxvtpxa0Co	Sensemaking III: Searching-For and Organizing Information	https://www.youtube.com/watch?v=4bxvtpxa0Co	edu.stem.engineering.computerscience	computersci	classroom	classroom	edu.stem.engineering.datascience	datasci	animation.powerpoint	animation-powerpoint	True
Seth_Meyers	34JTjx5BwYA	Seth_Meyers_34JTjx5BwYA	Paula Pell and James Anderson's Human Tricks and SNL Memories - Late Night with Seth Meyers	https://www.youtube.com/watch?v=34JTjx5BwYA	entertainment.variety.talkshow	talkshows	talkinghead.frameregular	presenter-center	entertainment.variety.latenight	talkshows	conversation.casual	talkshows	True
RottenTomatoes	dLVgEWrfdSg	RottenTomatoes_dLVgEWrfdSg	The Visit (10/10) Movie CLIP - T-Diamond's Rap (2015) HD	https://www.youtube.com/watch?v=dLVgEWrfdSg	entertainment.movies.clips	movies	talkinghead.frameregular	presenter-center	entertainment.music	music	vlog	vlog	True
Netflix_Is_A_Joke	6uQM0zKnJWM	Netflix_Is_A_Joke_6uQM0zKnJWM	Tom Segura's Craziest Stand-Up Stories	https://www.youtube.com/watch?v=6uQM0zKnJWM	entertainment.comedy.standup	comedy	persononstage	presenter-onstage	entertainment.variety.talkshow	talkshows	talkinghead.frameregular	presenter-center	True
RottenTomatoes	etyH2OUxVuQ	RottenTomatoes_etyH2OUxVuQ	Reno 911!: Miami (7/10) Movie CLIP - Terry's Lewd Behavior (2007) HD	https://www.youtube.com/watch?v=etyH2OUxVuQ	entertainment.movies.clips	movies	skit	skit	entertainment.comedy.sketch	comedy	conversation.casual	talkshows	True
Veritasium	WMXhk_SATTc	Veritasium_WMXhk_SATTc	What Could Survive An Atomic Bomb?	https://www.youtube.com/watch?v=WMXhk_SATTc	edu.stem.physics.nuclearphysics	physics	animated.info	animation-infographic	edu.stem.biology.ecology	biology	talkinghead.frameregular	presenter-center	True
RottenTomatoes	CrUigeHdiQU	RottenTomatoes_CrUigeHdiQU	The Most Shocking Moment In Severance | Binge Battle | Rotten Tomatoes TV	https://www.youtube.com/watch?v=CrUigeHdiQU	entertainment.variety.talkshow	talkshows	paneldiscussion.virtual	paneldiscussion-virtual	entertainment.movies.review	movies	talkinghead.framecorner	presenter-corner	True
Conan_OBrien	uK5gIybD5pk	Conan_OBrien_uK5gIybD5pk	Molly Shannon Snuck Onto A Plane To NYC As A Child | Late Night with Conan O‚ÄôBrien	https://www.youtube.com/watch?v=uK5gIybD5pk	entertainment.variety.talkshow	talkshows	talkinghead.frameregular	presenter-center	entertainment.variety.latenight	talkshows	conversation.casual	talkshows	True
Learn_Bright	rJ5eOfX7XbY	Learn_Bright_rJ5eOfX7XbY	ASL Light for Kids	https://www.youtube.com/watch?v=rJ5eOfX7XbY	edu.stem.physics.optics	physics	talkinghead.framecorner	presenter-corner	edu.stem.physics.electromagnetism	physics	animated.info	animation-infographic	True
Seth_Meyers	3Zdcxa0rbOo	Seth_Meyers_3Zdcxa0rbOo	Nick Offerman Explains How Ron Swanson Would Handle Coronavirus	https://www.youtube.com/watch?v=3Zdcxa0rbOo	entertainment.variety.talkshow	talkshows	talkinghead.frameregular	presenter-center	entertainment.variety.celebritycontent	celebritycontent	conversation.casual	talkshows	True
Andy_Cooks	Ddwb9335Qdk	Andy_Cooks_Ddwb9335Qdk	Korean Fried Chicken - One of my Top 3 favourite fried chicken recipes	https://www.youtube.com/watch?v=Ddwb9335Qdk	skills.culinary.cooking	culinary	practicaldemonstration.cooking	cooking	lifestyle.food	lifestyle	talkinghead.frameregular	presenter-center	True
Courtney_Ryan	yGau3YZIgrk	Courtney_Ryan_yGau3YZIgrk	‚ÄúIndependent Alpha Female‚Äù Problems, Green Flags Women Look For In Men & More...	https://www.youtube.com/watch?v=yGau3YZIgrk	entertainment.reality.dating	dating	talkinghead.frameregular	presenter-center	vlog.daily	vlog	talkinghead.framecorner	presenter-corner	True
Heimlers_History_Teachers	n7FUGfZDzuY	Heimlers_History_Teachers_n7FUGfZDzuY	Grade DBQs Faster With THIS Tool	https://www.youtube.com/watch?v=n7FUGfZDzuY	edu.education.pedagogy.teachingprinciples	teaching	talkinghead.frameregular	presenter-center	edu.education.pedagogy.teachingtools	teaching	screencast	screenrecord	True
National_Geographic	Ja110qpd0wU	National_Geographic_Ja110qpd0wU	Petra's Hidden Origins | Lost Cities with Albert Lin (Full Episode)	https://www.youtube.com/watch?v=Ja110qpd0wU	edu.social.history	history	docustyle	documentary	edu.social.archaeology	history	talkinghead.frameregular	presenter-center	True
RottenTomatoes	VUv6vjIidho	RottenTomatoes_VUv6vjIidho	The Best Exotic Marigold Hotel (1/3) Movie CLIP - The Lover From My Youth (2011) HD	https://www.youtube.com/watch?v=VUv6vjIidho	entertainment.movies.clips	movies	conversation.casual	talkshows	entertainment.drama.shortfilm	drama	docustyle	documentary	True
The_Innomind	7WinDxHOdbc	The_Innomind_7WinDxHOdbc	5 Python List, Tuple, Dictionary, Sets and Strings	https://www.youtube.com/watch?v=7WinDxHOdbc	skills.digital.coding	tutorial	talkinghead.framecorner	presenter-corner	edu.stem.engineering.computerscience	computersci	keystrokes	typing	True
OxfordUnion	IiDxw0nFZQM	OxfordUnion_IiDxw0nFZQM	Bonnie Greer | Don't Dream The American Dream	https://www.youtube.com/watch?v=IiDxw0nFZQM	growth.motivational	selfhelp	persononstage	presenter-onstage	edu.social.history	history	docustyle	documentary	True
Allure	RpRm_q0_qLE	Allure_RpRm_q0_qLE	100 Years of Bedtime Routines | Allure	https://www.youtube.com/watch?v=RpRm_q0_qLE	edu.arts.architecture	arts	docustyle	documentary	edu.arts.languages	arts	practicaldemonstration.science	experiments-science	True
RottenTomatoes	8MO_dtnpiHc	RottenTomatoes_8MO_dtnpiHc	Venom's Best Scenes	https://www.youtube.com/watch?v=8MO_dtnpiHc	entertainment.movies.clips	movies	docustyle	documentary	news.entertainment	entertainment-news	rawfootage	unedited	True
Interactive_English	J3Ac4LZUSq0	Interactive_English_J3Ac4LZUSq0	ENGLISH WORDS THAT ARE ACTUALLY ITALIAN üáÆüáπ #interactiveenglish #shorts	https://www.youtube.com/watch?v=J3Ac4LZUSq0	language.internationallanguage	languages	talkinghead.frameregular	presenter-center	edu.arts.languages	arts	animated.graphics	animation-graphics	True
DanTDM	DsuXWxpzI2g	DanTDM_DsuXWxpzI2g	Minecraft | FEMALE CREEPERS MOD! (Creeper Girlfriends, Pink Creepers & More!) | Mod Showcase	https://www.youtube.com/watch?v=DsuXWxpzI2g	gaming.gameplay	gaming	gaming	gaming	gaming.review	gaming	talkinghead.framecorner	presenter-corner	True
Chris_Williamson	vpMNeCiKxSY	Chris_Williamson_vpMNeCiKxSY	The Art Of Mastering Your Emotions - Joe Hudson	https://www.youtube.com/watch?v=vpMNeCiKxSY	wellbeing.mentalhealth	wellbeing	talkinghead.frameregular	presenter-center	growth.motivational	selfhelp	conversation.podcast	podcast	True
StarTalk	urFIHf5coxE	StarTalk_urFIHf5coxE	Discussing the Frontier of Particle Physics with Brian Cox	https://www.youtube.com/watch?v=urFIHf5coxE	edu.stem.physics.particle	physics	talkinghead.frameregular	presenter-center	edu.stem.astronomy	astronomy	conversation.casual	talkshows	True
Cleo_Abram	YXd4z3gWyVE	Cleo_Abram_YXd4z3gWyVE	Robots made of spiders (yes, really)	https://www.youtube.com/watch?v=YXd4z3gWyVE	edu.stem.engineering.robotics	engineering	practicaldemonstration.science	experiments-science	edu.stem.engineering.biomedical	engineering	animated.info	animation-infographic	True
CNN_US_News	dpqBZppB2aQ	CNN_US_News_dpqBZppB2aQ	Newsom mocks GOP inquiry into Biden	https://www.youtube.com/watch?v=dpqBZppB2aQ	news.politics	geopolitical-news	talkinghead.frameregular	presenter-center	edu.social.politics	politics	conversation.formal	formal-interview	True
Jimmy_Fallon	OULrKhAjXCM	Jimmy_Fallon_OULrKhAjXCM	Secret Ingredient with Jennifer Garner and Jim Jefferies	https://www.youtube.com/watch?v=OULrKhAjXCM	entertainment.variety.talkshow	talkshows	practicaldemonstration.cooking	cooking	lifestyle.food	lifestyle	conversation.casual	talkshows	True
Motivation2Study	QKZ3vbkfOJo	Motivation2Study_QKZ3vbkfOJo	DOPAMINE DETOX - Trick Your Brain To Take Back Control of Your Life	https://www.youtube.com/watch?v=QKZ3vbkfOJo	wellbeing.mentalhealth	wellbeing	docustyle	documentary	edu.stem.neuroscience	neurosci	animated.graphics	animation-graphics	True
Nerdwriter1	Zr7Uys7FfmY	Nerdwriter1_Zr7Uys7FfmY	Vlog #34 - Explanations	https://www.youtube.com/watch?v=Zr7Uys7FfmY	vlog.daily	vlog	talkinghead.frameregular	presenter-center	entertainment.variety.talkshow	talkshows	docustyle	documentary	True
White_House	PulryR1ZZW4	White_House_PulryR1ZZW4	02/10/21: Press Briefing by Press Secretary Jen Psaki	https://www.youtube.com/watch?v=PulryR1ZZW4	news.politics	geopolitical-news	talkinghead.frameregular	presenter-center	news.domestic	domestic-news	persononstage	presenter-onstage	True
YaleCourses	F2wrDRNRfHk	YaleCourses_F2wrDRNRfHk	30. Climate Sensitivity and Human Population	https://www.youtube.com/watch?v=F2wrDRNRfHk	edu.stem.environment	environment	classroom	classroom	edu.stem.biology.ecology	biology	slides	powerpoint-slides	True
Law_Crime_Network	-1IItroOfHw	Law_Crime_Network_-1IItroOfHw	LCD: 'That 70's Show' Actor Danny Masterson Charged with Rape, Skips Appearance, Attys Argue For Him	https://www.youtube.com/watch?v=-1IItroOfHw	news.domestic	domestic-news	talkinghead.frameregular	presenter-center	edu.social.law	law	docustyle	documentary	True
DanTDM	AAV47DLyKOs	DanTDM_AAV47DLyKOs	Minecraft | HELL MOBS! (Doom, Behemoths & More!) | Mod Showcase [1.6.2]	https://www.youtube.com/watch?v=AAV47DLyKOs	gaming.gameplay	gaming	screencast	screenrecord	gaming.review	gaming	gaming	gaming	True
RottenTomatoes	J7M8LuEC99k	RottenTomatoes_J7M8LuEC99k	The Living Daylights (3/10) Movie CLIP - What Kind of Girl Do You Think I Am! (1987) HD	https://www.youtube.com/watch?v=J7M8LuEC99k	entertainment.movies.clips	movies	docustyle	documentary	edu.arts.architecture	arts	practicaldemonstration.engineering	experiments-engineering	True
MIT_OpenCourseWare	Hz1S82W8F04	MIT_OpenCourseWare_Hz1S82W8F04	Ses 1 | MIT Abdul Latif Jameel Poverty Action Lab Executive Training	https://www.youtube.com/watch?v=Hz1S82W8F04	edu.education.pedagogy.teachingprinciples	teaching	persononstage	presenter-onstage	edu.stem.math.statistics	datasci	slides	powerpoint-slides	True
French_Cooking_Academy	u34GpPRkmPk	French_Cooking_Academy_u34GpPRkmPk	Lemon Sole with Butter veloute ( how to make butter sauce)	https://www.youtube.com/watch?v=u34GpPRkmPk	skills.culinary.cooking	culinary	practicaldemonstration.cooking	cooking	lifestyle.food	lifestyle	pov.realworld	firstperson-pov	True
RottenTomatoes	0vI1R3VEREQ	RottenTomatoes_0vI1R3VEREQ	Life, Animated (2016) - Meeting Gilbert Gottfried Scene (5/10) | Movieclips	https://www.youtube.com/watch?v=0vI1R3VEREQ	entertainment.movies.clips	movies	docustyle	documentary	entertainment.variety.celebritycontent	celebritycontent	conversation.casual	talkshows	True
Allure	99XO9kJ051w	Allure_99XO9kJ051w	"Putting the ""Man"" in ""Manicure"""	https://www.youtube.com/watch?v=99XO9kJ051w	lifestyle.style.beauty	lifestyle	talkinghead.frameregular	presenter-center	lifestyle.style.fashion	lifestyle	talkinghead.framecorner	presenter-corner	True
Comedy_Dynamics	oYn1d2Cs5hs	Comedy_Dynamics_oYn1d2Cs5hs	30 Minutes of Tom Arnold: Past & Present Imperfectly	https://www.youtube.com/watch?v=oYn1d2Cs5hs	entertainment.comedy.standup	comedy	persononstage	presenter-onstage	entertainment.variety.talkshow	talkshows	talkinghead.frameregular	presenter-center	True
Key_Peele	j8G2BBwPq-I	Key_Peele_j8G2BBwPq-I	The last person you want to run into post-apocalypse. | #shorts #keyandpeele	https://www.youtube.com/watch?v=j8G2BBwPq-I	vlog.daily	vlog	skit	skit	growth.motivational	selfhelp	dance	dance	True
RottenTomatoes	SMQ6aga9mI0	RottenTomatoes_SMQ6aga9mI0	A Perfect Murder - Strangers on a Train (2/10) Movie CLIP (1951) HD	https://www.youtube.com/watch?v=SMQ6aga9mI0	entertainment.movies.clips	movies	conversation.casual	talkshows	edu.humanities.ethics	humanities	talkinghead.frameregular	presenter-center	True
MIT_OpenCourseWare	yDr8Df35C64	MIT_OpenCourseWare_yDr8Df35C64	12. Trabecular Bone, Osteoporosis, and Evolution	https://www.youtube.com/watch?v=yDr8Df35C64	edu.medicine.orthopedics	medicine	classroom	classroom	edu.stem.biology.evolutionarybiology	biology	talkinghead.frameregular	presenter-center	True
Numberphile	un-pTKfC1dQ	Numberphile_un-pTKfC1dQ	An unexpected way to inflate a balloon - Numberphile	https://www.youtube.com/watch?v=un-pTKfC1dQ	edu.stem.physics.mechanics	physics	animated.graphics	animation-graphics	edu.stem.math.geometry	math	writing.hand	writing-hand	True
StarTalk	OjpEvEKzkqs	StarTalk_OjpEvEKzkqs	What Is Isaac's Storm?	https://www.youtube.com/watch?v=OjpEvEKzkqs	edu.stem.engineering.environmental	engineering	paneldiscussion.virtual	paneldiscussion-virtual	edu.stem.environment	environment	talkinghead.frameregular	presenter-center	True
RottenTomatoes	K9PFmssZdBo	RottenTomatoes_K9PFmssZdBo	Ranking The Best Spider-Man Franchise Movies | Countdown	https://www.youtube.com/watch?v=K9PFmssZdBo	entertainment.movies.review	movies	animated.info	animation-infographic	entertainment.movies.clips	movies	animated.graphics	animation-graphics	True
Khan_Academy	Jeh5vudjmLI	Khan_Academy_Jeh5vudjmLI	Coordinate plane: graphing points and naming quadrants | Negative numbers | 6th grade | Khan Academy	https://www.youtube.com/watch?v=Jeh5vudjmLI	edu.stem.math.geometry	math	writing.stylus	writing-cursor	edu.stem.math.algebra	algebra	talkinghead.framecorner	presenter-corner	True
The_B1M	kYpiK3W-g_0	The_B1M_kYpiK3W-g_0	Finland Might Have Solved Nuclear Power‚Äôs Biggest Problem	https://www.youtube.com/watch?v=kYpiK3W-g_0	edu.stem.engineering.energy	engineering	docustyle	documentary	edu.stem.engineering.nuclear	engineering	animated.info	animation-infographic	True
AsapSCIENCE	ambl830SVcY	AsapSCIENCE_ambl830SVcY	Can you find your blind spot?	https://www.youtube.com/watch?v=ambl830SVcY	edu.medicine.physiology	medicine	talkinghead.frameregular	presenter-center	edu.stem.neuroscience	neurosci	writing.stylus	writing-cursor	True
Stanford	T5SqUF5HSIc	Stanford_T5SqUF5HSIc	Lecture 15 | African-American Freedom Struggle (Stanford)	https://www.youtube.com/watch?v=T5SqUF5HSIc	news.politics	geopolitical-news	talkinghead.frameregular	presenter-center	edu.social.history	history	classroom	classroom	True
RottenTomatoes	t_NZNgm66xI	RottenTomatoes_t_NZNgm66xI	Sense and Sensibility (8/8) Movie CLIP - Happy Tears (1995) HD	https://www.youtube.com/watch?v=t_NZNgm66xI	entertainment.movies.clips	movies	conversation.casual	talkshows	edu.arts.literature	arts	talkinghead.frameregular	presenter-center	True
RottenTomatoes	fU9nP5V2vw4	RottenTomatoes_fU9nP5V2vw4	Like Water for Chocolate (2/12) Movie CLIP - Pedro Asks For Tita's Hand (1992) HD	https://www.youtube.com/watch?v=fU9nP5V2vw4	entertainment.movies.clips	movies	docustyle	documentary	edu.arts.architecture	arts	practicaldemonstration.cooking	cooking	True
Deep_Dive_Ali_Abdaal	w7txAOpm4Io	Deep_Dive_Ali_Abdaal_w7txAOpm4Io	How To Be More Likeable At Work	https://www.youtube.com/watch?v=w7txAOpm4Io	growth.careerdevelopment	selfhelp	conversation.podcast	podcast	edu.business.management	business	talkinghead.frameregular	presenter-center	True
Insane_Curiosity	lZjDTfL7_hA	Insane_Curiosity_lZjDTfL7_hA	What Did The Moon Look Like At The Time Of The Dinosaurs? #shorts	https://www.youtube.com/watch?v=lZjDTfL7_hA	edu.stem.astronomy	astronomy	animated.info	animation-infographic	edu.stem.physics.relativity	physics	animated.graphics	animation-graphics	True
Allure	0ZFcRhoiUWk	Allure_0ZFcRhoiUWk	Candice Huffine Balances Strong and Sexy | Power of Beauty | Allure	https://www.youtube.com/watch?v=0ZFcRhoiUWk	growth.motivational	selfhelp	talkinghead.frameregular	presenter-center	wellbeing.fitness	wellbeing	docustyle	documentary	True
Khan_Academy	o9HzkYErzd8	Khan_Academy_o9HzkYErzd8	Brown v. Board of Education of Topeka | National Constitution Center | Khan Academy	https://www.youtube.com/watch?v=o9HzkYErzd8	edu.social.history	history	writing.stylus	writing-cursor	edu.social.politics	politics	animated.graphics	animation-graphics	True
YaleCourses	rMVu-rD72FE	YaleCourses_rMVu-rD72FE	07 SecretSauce	https://www.youtube.com/watch?v=rMVu-rD72FE	edu.stem.math.statistics	datasci	persononstage	presenter-onstage	edu.stem.math.probability	datasci	slides	powerpoint-slides	True
Khan_Academy	IKrRuDWEP68	Khan_Academy_IKrRuDWEP68	Subordinating conjunctions | The parts of speech | Grammar | Khan Academy	https://www.youtube.com/watch?v=IKrRuDWEP68	language.teachinglanguage	teaching	writing.stylus	writing-cursor	edu.education.pedagogy.teachingprinciples	teaching	animated.info	animation-infographic	True
The_Royal_Institution	z4645B03AC4	The_Royal_Institution_z4645B03AC4	At home science - How to make fizzy bottle rockets - ExpeRimental #16	https://www.youtube.com/watch?v=z4645B03AC4	edu.stem.physics.mechanics	physics	practicaldemonstration.science	experiments-science	edu.stem.chemistry.organic	chemistry	talkinghead.frameregular	presenter-center	True
Math_and_Science	_HRUfi4PRk4	Math_and_Science__HRUfi4PRk4	Finding the Greatest Common Factor	https://www.youtube.com/watch?v=_HRUfi4PRk4	edu.stem.math.algebra	algebra	board.whiteboard	whiteboard	edu.stem.math.arithmetic	math	talkinghead.frameregular	presenter-center	True
Khan_Academy	8G0RkfeKfBg	Khan_Academy_8G0RkfeKfBg	Decarboxylation | Carboxylic acids and derivatives | Organic chemistry | Khan Academy	https://www.youtube.com/watch?v=8G0RkfeKfBg	edu.stem.chemistry.organic	chemistry	writing.stylus	writing-cursor	edu.stem.chemistry.analytical	chemistry	talkinghead.framecorner	presenter-corner	True
Motivation2Study	CFiCdpnn-jo	Motivation2Study_CFiCdpnn-jo	SACRIFICE = SUCCESS | Best Study Motivation	https://www.youtube.com/watch?v=CFiCdpnn-jo	growth.motivational	selfhelp	docustyle	documentary	growth.careerdevelopment	selfhelp	animated.graphics	animation-graphics	True
MIT_OpenCourseWare	tzoYhe3H5dM	MIT_OpenCourseWare_tzoYhe3H5dM	Lec 31: Stokes' theorem | MIT 18.02 Multivariable Calculus, Fall 2007	https://www.youtube.com/watch?v=tzoYhe3H5dM	edu.stem.math.calculus	math	classroom	classroom	edu.stem.physics.electromagnetism	physics	board.chalkboard	chalkboard	True
Patrick_Willems	RnMe3_L32Lk	Patrick_Willems_RnMe3_L32Lk	Aaron Sorkin's Writing Process Circa 1999	https://www.youtube.com/watch?v=RnMe3_L32Lk	vlog.daily	vlog	vlog	vlog	news.entertainment	entertainment-news	skit	skit	True
RottenTomatoes	6F-zsgYCXwQ	RottenTomatoes_6F-zsgYCXwQ	Texas Chainsaw (10/10) Movie CLIP - He Will Protect You (2013) HD	https://www.youtube.com/watch?v=6F-zsgYCXwQ	entertainment.movies.clips	movies	docustyle	documentary	news.entertainment	entertainment-news	talkinghead.framecorner	presenter-corner	True
Learn_Bright	ycAnNy5cbKo	Learn_Bright_ycAnNy5cbKo	Alligators and Crocodiles for Kids | Learn about these powerful predators	https://www.youtube.com/watch?v=ycAnNy5cbKo	edu.stem.biology.zoology	biology	animated.info	animation-infographic	edu.stem.biology.ecology	biology	animated.cartoon	animation-cartoon	True
Sam_the_Cooking_Guy	iKWHCqkLC5k	Sam_the_Cooking_Guy_iKWHCqkLC5k	MY NEW FAV SIDE DISH (OR IS IT AN APPETIZER) MINI HASSELBACK POTATOES | SAM THE COOKING GUY	https://www.youtube.com/watch?v=iKWHCqkLC5k	lifestyle.food	lifestyle	practicaldemonstration.cooking	cooking	skills.culinary.cooking	culinary	talkinghead.frameregular	presenter-center	True
Numberphile	5kC5k5QBqcc	Numberphile_5kC5k5QBqcc	The Problems with Secret Santa - Numberphile	https://www.youtube.com/watch?v=5kC5k5QBqcc	edu.stem.math.probability	datasci	talkinghead.frameregular	presenter-center	edu.stem.math.combinatorics	math	writing.hand	writing-hand	True
Dont_Tell_Comedy	cbHJT2SLqgY	Dont_Tell_Comedy_cbHJT2SLqgY	Funny Old Bag | Susan Rice | Stand Up Comedy	https://www.youtube.com/watch?v=cbHJT2SLqgY	entertainment.comedy.standup	comedy	persononstage	presenter-onstage	lifestyle.style.beauty	lifestyle	talkinghead.frameregular	presenter-center	True
Dope	VwjQa871o3o	Dope_VwjQa871o3o	Unboxing 10 of The WORST 1 Star Products on Amazon!	https://www.youtube.com/watch?v=VwjQa871o3o	misc.unboxing	product-reviews	talkinghead.frameregular	presenter-center	misc.productreview	product-reviews	conversation.casual	talkshows	True
NYT_Podcasts	0SuAlNkV1Cg	NYT_Podcasts_0SuAlNkV1Cg	How to Reveal the Many Sides of Elon Musk: The Art of the Interview	https://www.youtube.com/watch?v=0SuAlNkV1Cg	entertainment.variety.talkshow	talkshows	placeholderdisplay	static-screen	news.politics	geopolitical-news	conversation.podcast	podcast	True
Deep_Dive_Ali_Abdaal	ge302sHMFTw	Deep_Dive_Ali_Abdaal_ge302sHMFTw	How Dopamine Shapes Your Habits and Productivity - Tj Power	https://www.youtube.com/watch?v=ge302sHMFTw	edu.medicine.psychiatry	medicine	conversation.podcast	podcast	wellbeing.mentalhealth	wellbeing	conversation.formal	formal-interview	True
Motivation2Study	gpP7gjMr7js	Motivation2Study_gpP7gjMr7js	OVERCOMING FEAR - Motivational Video for Fear & Anxiety	https://www.youtube.com/watch?v=gpP7gjMr7js	growth.motivational	selfhelp	docustyle	documentary	wellbeing.mentalhealth	wellbeing	animated.graphics	animation-graphics	True
NYT_Podcasts	dnVohI2jG1Y	NYT_Podcasts_dnVohI2jG1Y	Harris Outspends Trump in Ad Battle, and Israel Bombards Hezbollah	https://www.youtube.com/watch?v=dnVohI2jG1Y	news.politics	geopolitical-news	placeholderdisplay	static-screen	edu.social.politics	politics	rawfootage	unedited	True
MIT_OpenCourseWare	i9OAOk0CUQE	MIT_OpenCourseWare_i9OAOk0CUQE	18. Dynamic Programming, Part 4: Rods, Subset Sum, Pseudopolynomial	https://www.youtube.com/watch?v=i9OAOk0CUQE	edu.stem.engineering.computerscience	computersci	classroom	classroom	skills.digital.coding	tutorial	board.chalkboard	chalkboard	True
Max_Lugavere	uukKpTNI2fs	Max_Lugavere_uukKpTNI2fs	What You Can Eat To HEAL THE BRAIN & Prevent Alzheimer's Disease! | Dominic D‚ÄôAgostino	https://www.youtube.com/watch?v=uukKpTNI2fs	edu.stem.neuroscience	neurosci	conversation.podcast	podcast	edu.medicine.neurology	medicine	talkinghead.frameregular	presenter-center	True
IBM_Technology	rH9-m7AhJhk	IBM_Technology_rH9-m7AhJhk	Artificial Intelligence for smarter Cybersecurity	https://www.youtube.com/watch?v=rH9-m7AhJhk	edu.stem.engineering.computerscience	computersci	talkinghead.frameregular	presenter-center	edu.stem.engineering.datascience	datasci	animated.graphics	animation-graphics	True
Saturday_Night_Live	XGqSn5Cnw74	Saturday_Night_Live_XGqSn5Cnw74	Dylan McDermott or Dermot Mulroney - SNL	https://www.youtube.com/watch?v=XGqSn5Cnw74	entertainment.variety.quiz	quizzes	skit	skit	entertainment.comedy.sketch	comedy	talkinghead.frameregular	presenter-center	True
RottenTomatoes	epBGWHCrfr4	RottenTomatoes_epBGWHCrfr4	Leprechaun 4: In Space (3/9) Movie CLIP - Flesh-Eating Bacteria (1997) HD	https://www.youtube.com/watch?v=epBGWHCrfr4	entertainment.movies.clips	movies	docustyle	documentary	edu.stem.engineering.aerospace	engineering	rawfootage	unedited	True
YaleCourses	e5y0_aBvEtI	YaleCourses_e5y0_aBvEtI	Lecture 11. On the Steps of Moab: Deuteronomy	https://www.youtube.com/watch?v=e5y0_aBvEtI	edu.humanities.religion	humanities	talkinghead.frameregular	presenter-center	religious.guidelines	religion	classroom	classroom	True
Insane_Curiosity	qOjE1kbGA8c	Insane_Curiosity_qOjE1kbGA8c	Uranus Is Hiding Something Big, Here‚Äôs What We Just Found Out	https://www.youtube.com/watch?v=qOjE1kbGA8c	edu.stem.astronomy	astronomy	animated.info	animation-infographic	edu.stem.environment	environment	animated.graphics	animation-graphics	True
halfasinteresting	XQaMr3UHOWE	halfasinteresting_XQaMr3UHOWE	Why American Lawns All Look The Same	https://www.youtube.com/watch?v=XQaMr3UHOWE	edu.social.history	history	animated.info	animation-infographic	edu.social.sociology	sociology	animated.graphics	animation-graphics	True
FGTeeV	kUj2TKZbUMg	FGTeeV_kUj2TKZbUMg	AQUAPARK.IO Challenge üéÆ FGTEEV Lex üÜö Duddy (Hot Sauce Loser)	https://www.youtube.com/watch?v=kUj2TKZbUMg	gaming.gameplay	gaming	gaming	gaming	entertainment.reality.competition	competitions	talkinghead.frameregular	presenter-center	True
Khan_Academy	JfuisfEdnjk	Khan_Academy_JfuisfEdnjk	Special products of the form (x+a)(x-a) | Algebra I | High School Math | Khan Academy	https://www.youtube.com/watch?v=JfuisfEdnjk	edu.stem.math.algebra	algebra	writing.stylus	writing-cursor	edu.stem.math.arithmetic	math	animated.graphics	animation-graphics	True
White_House	Fxx0CypVoyY	White_House_Fxx0CypVoyY	03/18/22: Press Briefing by Press Secretary Jen Psaki	https://www.youtube.com/watch?v=Fxx0CypVoyY	news.politics	geopolitical-news	talkinghead.frameregular	presenter-center	news.international	geopolitical-news	persononstage	presenter-onstage	True
RottenTomatoes	zadI5ngwLsM	RottenTomatoes_zadI5ngwLsM	The Magnificent Seven (2016) - Money for Blood Scene (1/10) | Movieclips	https://www.youtube.com/watch?v=zadI5ngwLsM	entertainment.movies.clips	movies	docustyle	documentary	entertainment.movies.review	movies	conversation.casual	talkshows	True
FGTeeV	_pnvPHekl1w	FGTeeV__pnvPHekl1w	Happy Mommy Longs Legs Day! Poppy Playtime Chapter 2: Fly in a Web (FGTeeV Boys Play)	https://www.youtube.com/watch?v=_pnvPHekl1w	gaming.gameplay	gaming	gaming	gaming	vlog.daily	vlog	screencast	screenrecord	True
RottenTomatoes	CpdolY2GNYI	RottenTomatoes_CpdolY2GNYI	The Nanny Diaries (2/11) Movie CLIP - Mrs. X (2007) HD	https://www.youtube.com/watch?v=CpdolY2GNYI	entertainment.movies.clips	movies	conversation.casual	talkshows	entertainment.reality.living	realitytv	rawfootage	unedited	True
RottenTomatoes	G9VI6SExDms	RottenTomatoes_G9VI6SExDms	The Hunger Games (4/12) Movie CLIP - Shooting the Apple (2012) HD	https://www.youtube.com/watch?v=G9VI6SExDms	entertainment.movies.clips	movies	talkinghead.frameregular	presenter-center	edu.arts.architecture	arts	talkinghead.framecorner	presenter-corner	True
YaleCourses	M3aw2ih626s	YaleCourses_M3aw2ih626s	1. Exploding Worlds and Course Introduction	https://www.youtube.com/watch?v=M3aw2ih626s	edu.business.economics	economics	classroom	classroom	edu.education.pedagogy.teachingprinciples	teaching	slides	powerpoint-slides	True
James_Corden	f_QqlaFa3xQ	James_Corden_f_QqlaFa3xQ	Whitney Cummings's New Hang Spot Is Tyrese Gibson's Backyard	https://www.youtube.com/watch?v=f_QqlaFa3xQ	entertainment.variety.celebritycontent	celebritycontent	talkinghead.frameregular	presenter-center	entertainment.variety.talkshow	talkshows	conversation.casual	talkshows	True
RottenTomatoes	HQSGHbbDR_Q	RottenTomatoes_HQSGHbbDR_Q	The Day the Earth Stood Still (1/5) Movie CLIP - Klaatu Comes in Peace (1951) HD	https://www.youtube.com/watch?v=HQSGHbbDR_Q	entertainment.movies.clips	movies	docustyle	documentary	edu.arts.architecture	arts	persononstage	presenter-onstage	True
Fireship	k9xbh9LUYn0	Fireship_k9xbh9LUYn0	Google finally shipped some fire‚Ä¶	https://www.youtube.com/watch?v=k9xbh9LUYn0	edu.stem.engineering.computerscience	computersci	talkinghead.framecorner	presenter-corner	news.technology	technology	animated.info	animation-infographic	True
NYT_Cooking	TIBQNRhPmws	NYT_Cooking_TIBQNRhPmws	Gochujang-Glazed Eggplant With Fried Scallions | Eric Kim | NYT Cooking	https://www.youtube.com/watch?v=TIBQNRhPmws	lifestyle.food	lifestyle	practicaldemonstration.cooking	cooking	skills.culinary.cooking	culinary	talkinghead.frameregular	presenter-center	True
Jimmy_Fallon	Ax3tpkmv4XA	Jimmy_Fallon_Ax3tpkmv4XA	Charlie Hunnam Got a Master Class in Acting from Hugh Grant in The Gentlemen	https://www.youtube.com/watch?v=Ax3tpkmv4XA	entertainment.variety.talkshow	talkshows	talkinghead.frameregular	presenter-center	entertainment.movies.clips	movies	conversation.formal	formal-interview	True
The_Daily_Show	sW3IkgBkxBw	The_Daily_Show_sW3IkgBkxBw	This Week‚Äôs Coronavirus Updates - Week of 7/27/2020 | The Daily Social Distancing Show	https://www.youtube.com/watch?v=sW3IkgBkxBw	news.health	health-news	talkinghead.frameregular	presenter-center	news.domestic	domestic-news	animated.graphics	animation-graphics	True
RottenTomatoes	qYEOmZzqX28	RottenTomatoes_qYEOmZzqX28	Teen Titans GO! to the Movies (2018) - The End of Robin Scene (8/10) | Movieclips	https://www.youtube.com/watch?v=qYEOmZzqX28	entertainment.movies.clips	movies	animated.cartoon	animation-cartoon	entertainment.drama.shortfilm	drama	animated.graphics	animation-graphics	True
MIT_OpenCourseWare	P5SjikeOHr0	MIT_OpenCourseWare_P5SjikeOHr0	0. Examples Demonstration	https://www.youtube.com/watch?v=P5SjikeOHr0	edu.stem.engineering.datascience	datasci	screencast	screenrecord	skills.digital.coding	tutorial	keystrokes	typing	True
Fireship	Tn6-PIqc4UM	Fireship_Tn6-PIqc4UM	React in 100 Seconds	https://www.youtube.com/watch?v=Tn6-PIqc4UM	skills.digital.coding	tutorial	animated.graphics	animation-graphics	edu.stem.engineering.computerscience	computersci	animated.info	animation-infographic	True
