Video	title	url	format_label_1	format_hierarchy_1	format_label_2	format_hierarchy_2	gt_format_label_1	gt_format_hierarchy_1	gt_format_label_2	gt_format_hierarchy_2	annotated_at	annotator_id
RottenTomatoes_ZMb-qj1X1do	Sliver (9/9) Movie CLIP - Get A Life (1993) HD	https://www.youtube.com/watch?v=ZMb-qj1X1do	Surveillance Cam	Others	Skit	Skit	Surveillance Cam	Others	Experiments	Demonstrations	2025-07-28T02:06:43.791618	kaatje
Facts_jL1GsbTqzXQ	Men try Contouring For The First Time	https://www.youtube.com/watch?v=jL1GsbTqzXQ	Talking Head - Center	Talking Head	Interviews	Interviews	Talking Head - Center	Talking Head	Talkshows	Interviews	2025-07-28T02:11:13.545715	kaatje
CNN_US_News_HETKsT8lAhs	Trump labels Facebook the 'enemy of the people' in interview	https://www.youtube.com/watch?v=HETKsT8lAhs	Panel - Virtual	Panel	Talking Head - Corner	Talking Head	Talking Head - Center	Talking Head	Panel - Virtual	Panel	2025-07-28T02:25:12.074781	kaatje
Seth_Meyers_QAQxDbZToKI	Penn Badgley Got Nauseous from You's Gory Set	https://www.youtube.com/watch?v=QAQxDbZToKI	Interviews	Interviews	Talkshows	Interviews	Talking Head - Center	Talking Head	Stage Talks	Stage Talks	2025-07-28T02:28:12.799371	kaatje
RealLifeLore_3W5-ZJ-TJTY	What is the LOUDEST Sound Ever Heard?	https://www.youtube.com/watch?v=3W5-ZJ-TJTY	Cartoon	Animations	Documentary Style	Documentaries	Animated Graphics	Graphics	Infographics	Graphics	2025-07-28T02:33:42.420278	kaatje
BRAINY_DOSE_Z8d2o4Bg94E	10 Warning Signs Your Body Is Deficient in Nutrients	https://www.youtube.com/watch?v=Z8d2o4Bg94E	Animated Graphics	Graphics	Slidedecks	Slidedecks	Animated Graphics	Graphics	Infographics	Graphics	2025-07-28T02:54:34.710047	kaatje
Hacksmith_Industries_mrn_FvlD45o	Laser Cannons and Rocket Hammers and more! (Hacksmith Vault #3)	https://www.youtube.com/watch?v=mrn_FvlD45o	Experiments	Demonstrations	Vlog	Vlog	Talking Head - Center	Talking Head	Experiments	Demonstrations	2025-07-28T02:58:51.865734	kaatje
ColdFusion_TAKmlNaFNOo	Robot Hand Unexpectedly Learns Human Behaviour! - Open AI	https://www.youtube.com/watch?v=TAKmlNaFNOo	Documentary Style	Documentaries	Animated Graphics	Graphics	Experiments	Demonstrations	Games	Gaming	2025-07-28T03:02:08.208031	kaatje
Max_Lugavere_CONpz0KgxdQ	How To Create A Fat Burning Metabolism with Mark Sisson	https://www.youtube.com/watch?v=CONpz0KgxdQ	Interviews	Interviews	Unedited Footage	Others	Podcast	Interviews	Interviews	Interviews	2025-07-28T10:35:41.549854	kaatje
Math_and_Science_y1FMCDTAQok	Lesson 3 - Sinusoidal Sources, Part 2 (AC Circuit Analysis)	https://www.youtube.com/watch?v=y1FMCDTAQok	Whieboard	Writing Board	Unedited Footage	Others	Whieboard	Writing Board	Talking Head - Center	Talking Head	2025-07-29T00:16:16.277158	kaatje
National_Geographic__ermvCDJzts	Upturning Tornadoes | Explorers in the Field	https://www.youtube.com/watch?v=_ermvCDJzts	Documentary Style	Documentaries	Animated Graphics	Graphics	Documentary Style	Documentaries	Infographics	Graphics	2025-07-29T00:18:27.109862	kaatje
National_Geographic_LwwVnUekpeE	Albatrosses' Life-Long Bond Begins With Elaborate Courtship – Ep. 3 | Wildlife: Resurrection Island	https://www.youtube.com/watch?v=LwwVnUekpeE	Documentary Style	Documentaries	Vlog	Vlog	Documentary Style	Documentaries	Infographics	Graphics	2025-07-29T00:20:49.756809	kaatje
Cooking_With_Claudia_LhRKV45nErk	SUPER MOIST Lemon Cupcakes Recipe - How to make the best Lemon Cupcakes	https://www.youtube.com/watch?v=LhRKV45nErk	Vlog	Vlog	Cooking	Demonstrations	Cooking	Demonstrations	Talking Head - Center	Talking Head	2025-07-29T00:21:30.972251	kaatje
National_Geographic_6LjvUPADFtM	Can We Use Bacteria to Treat Diseases? | Nat Geo Live	https://www.youtube.com/watch?v=6LjvUPADFtM	Stage Talks	Stage Talks	Infographics	Graphics	Stage Talks	Stage Talks	Slidedecks	Slidedecks	2025-07-29T00:22:21.659041	kaatje
RottenTomatoes_3b3QfYo5Sm8	Halloween (2018) UNCUT Comic-Con Interview | Rotten Tomatoes	https://www.youtube.com/watch?v=3b3QfYo5Sm8	Interviews	Interviews	Talkshows	Interviews	Talking Head - Center	Talking Head	Interviews	Interviews	2025-07-29T00:23:58.035454	kaatje
Fox_US_News_qeoq8x9_xDw	Gutfeld: How many wakes are caused by the woke?	https://www.youtube.com/watch?v=qeoq8x9_xDw	Talking Head - Corner	Talking Head	Panel - In Person	Panel	Panel - In Person	Panel	Interviews	Interviews	2025-07-29T00:25:19.651388	kaatje
Dope_SPvKoV7g80U	AMERICANS TRY INDIAN SNACKS	https://www.youtube.com/watch?v=SPvKoV7g80U	Talking Head - Center	Talking Head	Vlog	Vlog	Talkshows	Interviews	Documentary Style	Documentaries	2025-07-29T00:26:45.386945	kaatje
Facts_YriQwKvrXaw	People Date Whilst Eating The World's Hottest Wings (Carolina Reaper)	https://www.youtube.com/watch?v=YriQwKvrXaw	Talkshows	Interviews			Talkshows	Interviews	Talking Head - Center	Talking Head	2025-07-29T00:28:43.845070	kaatje
National_Geographic_Uja_QE4cZV0	Stunning Close-ups: Meet These Frogs Before They Go Extinct | National Geographic	https://www.youtube.com/watch?v=Uja_QE4cZV0	Surveillance Cam	Others			Documentary Style	Documentaries	Talking Head - Center	Talking Head	2025-07-29T00:31:06.172009	kaatje
Allure_GTSON1x3rgk	Victoria Monét Breaks Down Her Iconic Music Video Fashion | Allure	https://www.youtube.com/watch?v=GTSON1x3rgk	Talking Head - Center	Talking Head	Interviews	Interviews	Talking Head - Center	Talking Head	Talking Head - Corner	Talking Head	2025-07-29T00:31:59.986258	kaatje
OxfordUnion_1bGqqBSLCdc	Social Media Does NOT Corrupt Human Interactions | Liam Hackett | Part 4 of 6	https://www.youtube.com/watch?v=1bGqqBSLCdc	Stage Talks	Stage Talks	Panel - In Person	Panel	Stage Talks	Stage Talks	Talking Head - Center	Talking Head	2025-07-29T00:33:16.464630	kaatje
BuzzFeed_Celeb_zJd8Gtw5SpY	BTOB Finds Out Which Members They Really Are	https://www.youtube.com/watch?v=zJd8Gtw5SpY	Interviews	Interviews	Talkshows	Interviews	Talking Head - Center	Talking Head	Talkshows	Interviews	2025-07-29T00:34:00.499136	kaatje
Khan_Academy_NiaCGBX9Zig	Perceive | Vocabulary | Khan Academy	https://www.youtube.com/watch?v=NiaCGBX9Zig	Writing Cursor	Writing Cursor	Chalkboard	Writing Board	Writing Cursor	Writing Cursor	Infographics	Graphics	2025-07-29T00:34:52.621566	kaatje
Nerdwriter1_MvC6kwU3zgA	Why So Much Tax Money Is Wasted	https://www.youtube.com/watch?v=MvC6kwU3zgA	Infographics	Graphics	Animated Graphics	Graphics	Documentary Style	Documentaries	Animated Graphics	Graphics	2025-07-29T00:36:11.615864	kaatje
Nerdwriter1_LN-Fv4OlHj0	Vlog #53 - Did Shakespeare Invent Love?	https://www.youtube.com/watch?v=LN-Fv4OlHj0	Talking Head - Center	Talking Head			Talking Head - Center	Talking Head	Vlog	Vlog	2025-07-29T00:37:04.549141	kaatje
WIRED_Zr7LA3cU5o0	Bridgerton Cast Answer The Web's Most Searched Questions | WIRED	https://www.youtube.com/watch?v=Zr7LA3cU5o0	Interviews	Interviews	Talkshows	Interviews	Talking Head - Center	Talking Head	Talkshows	Interviews	2025-07-29T00:37:42.791365	kaatje
Variety_vsKxNdsVLjs	‘Joker’ Becomes First R-Rated Movie to Hit $1 Billion	https://www.youtube.com/watch?v=vsKxNdsVLjs	Panel - In Person	Panel			Talking Head - Center	Talking Head	Infographics	Graphics	2025-07-29T00:38:31.191009	kaatje
Patrick_Willems_k-MTD_Z5qtQ	A MAJOR ANNOUNCEMENT	https://www.youtube.com/watch?v=k-MTD_Z5qtQ	Podcast	Interviews			Talking Head - Center	Talking Head	Talkshows	Interviews	2025-07-29T00:39:18.970975	kaatje
RottenTomatoes_7-r9v5xbHG8	Football: Glory on the Gridiron - Ultimate American Football Movie Mashup	https://www.youtube.com/watch?v=7-r9v5xbHG8	Documentary Style	Documentaries	Cutout	Animations	Documentary Style	Documentaries	Point of View	Vlog	2025-07-29T00:41:34.207252	kaatje
Dope_EBoFL6lNwBo	MOVIE QUOTE CHALLENGE | Justin James Hughes	https://www.youtube.com/watch?v=EBoFL6lNwBo	Panel - In Person	Panel	Interviews	Interviews	Talking Head - Center	Talking Head	Talkshows	Interviews	2025-07-29T00:49:20.292182	kaatje
Insane_Curiosity_DuWYInQEP64	What If We Colonize Mars?	https://www.youtube.com/watch?v=DuWYInQEP64	Animated Graphics	Graphics	Cartoon	Animations	Infographics	Graphics	Animated Graphics	Graphics	2025-07-29T00:50:54.555895	kaatje
Conan_OBrien_WnRlH2fl9jU	Penn & Teller Teach Conan Sleight Of Hand | Late Night with Conan O’Brien	https://www.youtube.com/watch?v=WnRlH2fl9jU	Interviews	Interviews	Talkshows	Interviews	Stage Talks	Stage Talks	Talkshows	Interviews	2025-07-29T01:01:18.398252	kaatje
Sprouts_thFlKOqHJog	The Future of Work: An Economic Theory by David Autor	https://www.youtube.com/watch?v=thFlKOqHJog	Comic Panel Style	Animations	Cartoon	Animations	Comic Panel Style	Animations	Infographics	Graphics	2025-07-29T01:01:59.217127	kaatje
OxfordUnion_2ye5rAyZSUo	Bim Afolami MP | Meritocracy Debate | Opposition (6/8) | Oxford Union	https://www.youtube.com/watch?v=2ye5rAyZSUo	Panel - In Person	Panel	Stage Talks	Stage Talks	Stage Talks	Stage Talks	Talking Head - Center	Talking Head	2025-07-29T01:02:44.415067	kaatje
Saturday_Night_Live_ZQYvmu-affA	Doctor's Visit - SNL	https://www.youtube.com/watch?v=ZQYvmu-affA	Skit	Skit	Unedited Footage	Others	Skit	Skit	Talking Head - Center	Talking Head	2025-07-29T01:04:57.810922	kaatje
Unbox_Therapy_QcKUNTb-kzw	The Black Friday Deals They Won't Show You...	https://www.youtube.com/watch?v=QcKUNTb-kzw	Interviews	Interviews	Talking Head - Center	Talking Head	Talking Head - Center	Talking Head	Vlog	Vlog	2025-07-29T01:05:47.082257	kaatje
RottenTomatoes_5EPWNVcXbHU	Marcel the Shell with Shoes On Trailer #1 (2022) | Movieclips Trailers	https://www.youtube.com/watch?v=5EPWNVcXbHU	Documentary Style	Documentaries			Cutout	Animations	Cartoon	Animations	2025-07-29T01:06:17.989596	kaatje
AskTheLawyers_cExNvOmWu2c	What to Do if You’re Hit By a Car as a Pedestrian	https://www.youtube.com/watch?v=cExNvOmWu2c	Talking Head - Corner	Talking Head			Talking Head - Center	Talking Head	Talking Head - Corner	Talking Head	2025-07-29T01:06:55.892288	kaatje
Hacksmith_Industries_wNMKpvDccZo	Make it Real: Game of Thrones Battle Shields!	https://www.youtube.com/watch?v=wNMKpvDccZo	Vlog	Vlog	Point of View	Vlog	Experiments	Demonstrations	Talking Head - Center	Talking Head	2025-07-29T01:07:42.859611	kaatje
Seth_Meyers_TQdlbT-wL-0	Annaleigh Ashford Shares What Working with Stephen Sondheim Was Like	https://www.youtube.com/watch?v=TQdlbT-wL-0	Interviews	Interviews			Talking Head - Center	Talking Head	Talkshows	Interviews	2025-07-29T01:08:31.259724	kaatje
French_Cooking_Academy_SKihmJJeLy8	Pork cutlets with cream and mushroom sauce | French Bistro Recipes	https://www.youtube.com/watch?v=SKihmJJeLy8	Cooking	Demonstrations	Talking Head - Center	Talking Head	Cooking	Demonstrations	Talking Head - Center	Talking Head	2025-07-29T01:09:12.030011	kaatje
PBS_Origins_Zll40_3i0TI	How Columbus Invented Cannibals	https://www.youtube.com/watch?v=Zll40_3i0TI	Talking Head - Center	Talking Head	Slidedecks	Slidedecks	Talking Head - Center	Talking Head	Infographics	Graphics	2025-07-29T01:10:12.008682	kaatje
Fireship_JSURzPQnkl0	3 More Life-Changing CSS Tips	https://www.youtube.com/watch?v=JSURzPQnkl0	Screencasts	Screencasts	Static Screen	Others	Screencasts	Screencasts	Screencasts	Screencasts	2025-07-29T01:11:49.273036	kaatje
Khan_Academy_bh1UrCGWz1k	Infinite series as limit of partial sums | Series | AP Calculus BC | Khan Academy	https://www.youtube.com/watch?v=bh1UrCGWz1k	Chalkboard	Writing Board	Writing Cursor	Writing Cursor	Writing Cursor	Writing Cursor	Infographics	Graphics	2025-07-29T01:12:35.030861	kaatje
AsapSCIENCE_e8kHyee1z7w	Are You More Forgetful Than A Fish?	https://www.youtube.com/watch?v=e8kHyee1z7w	Cartoon	Animations	Infographics	Graphics	Writing Hand	Writing Hand	Whieboard	Writing Board	2025-07-29T01:13:22.849340	kaatje
Conan_OBrien_gGonAh0SgaY	Conan Used To Make Up Characters On The Basketball Court | Conan O'Brien Needs A Fan	https://www.youtube.com/watch?v=gGonAh0SgaY	Interviews	Interviews	Talking Head - Center	Talking Head	Podcast	Interviews	Talking Head - Center	Talking Head	2025-07-29T01:13:51.089469	kaatje
RottenTomatoes_U6uNt6h3_bM	Rambo (7/12) Movie CLIP - Live for Nothing or Die for Something (2008) HD	https://www.youtube.com/watch?v=U6uNt6h3_bM	Unedited Footage	Others	Talking Head - Center	Talking Head	Documentary Style	Documentaries	Unedited Footage	Others	2025-07-29T01:14:59.908318	kaatje
Seth_Meyers_nCypQobtmpw	Anthony Bourdain Was Labeled a Mossad Agent by Romanian Newspapers	https://www.youtube.com/watch?v=nCypQobtmpw	Interviews	Interviews	Talkshows	Interviews	Talking Head - Center	Talking Head	Interviews	Interviews	2025-07-29T01:17:21.394977	kaatje
TED_1Bj-zXkVi68	Yo! Have You Ever Seen a Yo-Yo Dance Like This? | Shu Takada | TED	https://www.youtube.com/watch?v=1Bj-zXkVi68	Stage Talks	Stage Talks	Dance	Others	Stage Talks	Stage Talks	Dance	Others	2025-07-29T01:18:39.448355	kaatje
Facts_ndIHoyzRpjc	Irish People Try Pop Rocks	https://www.youtube.com/watch?v=ndIHoyzRpjc	Interviews	Interviews			Talking Head - Center	Talking Head	Talkshows	Interviews	2025-07-29T01:19:08.570724	kaatje
eHowEducation_AMBzryMwiQ0	How to Add Fractions With Variables & Whole Numbers	https://www.youtube.com/watch?v=AMBzryMwiQ0	Talking Head - Corner	Talking Head			Glassboard	Writing Board	Talking Head - Center	Talking Head	2025-07-29T01:19:43.912017	kaatje
Conan_OBrien_r8JDiKMNrQU	Late Night Scandals (Feat. Ellie Kemper) | Late Night with Conan O’Brien	https://www.youtube.com/watch?v=r8JDiKMNrQU	Interviews	Interviews	Talkshows	Interviews	Skit	Skit	Talking Head - Center	Talking Head	2025-07-29T01:20:13.388172	kaatje
Khan_Academy_Ws63I3F7Moc	Origin of Markov chains | Journey into information theory | Computer Science | Khan Academy	https://www.youtube.com/watch?v=Ws63I3F7Moc	Animated Graphics	Graphics	Infographics	Graphics	Writing Cursor	Writing Cursor	Screencasts	Screencasts	2025-07-29T01:21:06.967993	kaatje
CNN_US_News_p4SUFm9b4xc	'Ignorant and rude': Trump offends this voter, but he's voting for him anyway. Hear why	https://www.youtube.com/watch?v=p4SUFm9b4xc	Documentary Style	Documentaries	Interviews	Interviews	Talking Head - Center	Talking Head	Documentary Style	Documentaries	2025-07-29T01:21:51.033582	kaatje
Practical_Engineering_Srr0fTnaHdQ	Turning Two Segmented Bowls on the Lathe - Maple with Mahogany Accents	https://www.youtube.com/watch?v=Srr0fTnaHdQ	Animated Graphics	Graphics	Infographics	Graphics	Experiments	Demonstrations	Animated Graphics	Graphics	2025-07-29T01:24:27.312326	kaatje
National_Geographic_K6TnWW1s4hE	Baby Bison Takes on Wolf and Wins | America's National Parks	https://www.youtube.com/watch?v=K6TnWW1s4hE	Documentary Style	Documentaries	Surveillance Cam	Others	Documentary Style	Documentaries	Infographics	Graphics	2025-07-29T01:25:05.268105	kaatje
RottenTomatoes_ZzOzVT2o2BU	New York Car Chase - Shaft (5/9) Movie CLIP (2000) HD	https://www.youtube.com/watch?v=ZzOzVT2o2BU	Surveillance Cam	Others	Unedited Footage	Others	Point of View	Vlog	Documentary Style	Documentaries	2025-07-29T01:25:31.687848	kaatje
Steve_Kaufmann_IV67smoXIMM	Tips for Learning Spanish Verbs	https://www.youtube.com/watch?v=IV67smoXIMM	Talking Head - Center	Talking Head			Talking Head - Center	Talking Head	Vlog	Vlog	2025-07-29T01:26:11.068357	kaatje
WIRED_Y18NYGlIukM	Climb Aboard a Boeing 747 That NASA Turned Into the World's Biggest Flying Telescope | WIRED	https://www.youtube.com/watch?v=Y18NYGlIukM	Unedited Footage	Others	Surveillance Cam	Others	Documentary Style	Documentaries	Stage Talks	Stage Talks	2025-07-29T01:26:56.270347	kaatje
Khan_Academy_VmFX6AIzllE	American attitudes about government and politics | US government and civics | Khan Academy	https://www.youtube.com/watch?v=VmFX6AIzllE	Chalkboard	Writing Board	Writing Cursor	Writing Cursor	Writing Cursor	Writing Cursor	Infographics	Graphics	2025-07-29T01:27:34.507709	kaatje
The_School_of_Life_2Xi2ty-uHe0	7 Secrets of Therapy	https://www.youtube.com/watch?v=2Xi2ty-uHe0	Animated Graphics	Graphics	Cartoon	Animations	Animated Graphics	Graphics	Infographics	Graphics	2025-07-29T01:28:17.373099	kaatje
RottenTomatoes_8TJk9N4RrNM	The Blair Witch Project (6/8) Movie CLIP - We're Still Alive 'Cause We're Smoking (1999) HD	https://www.youtube.com/watch?v=8TJk9N4RrNM	Unedited Footage	Others	Surveillance Cam	Others	Point of View	Vlog	Documentary Style	Documentaries	2025-07-29T01:28:39.752160	kaatje
RottenTomatoes_gcPY3RIvtCw	The Best Little Whorehouse in Texas (1982) - Hard Candy Christmas Scene (9/10) | Movieclips	https://www.youtube.com/watch?v=gcPY3RIvtCw	Unedited Footage	Others	Documentary Style	Documentaries	Talkshows	Interviews	Talking Head - Center	Talking Head	2025-07-29T01:29:15.086990	kaatje
Real_Time_Bill_Maher_Jp6977O-wpQ	Overtime: Heather McGhee, Sarah Haider, Andrew Sullivan, Timothy Naftali | Real Time (HBO)	https://www.youtube.com/watch?v=Jp6977O-wpQ	Panel - In Person	Panel	Talkshows	Interviews	Panel - In Person	Panel	Talking Head - Center	Talking Head	2025-07-29T01:29:52.887571	kaatje
RottenTomatoes_Rj9fUYRr81A	Spy Kids 3-D: Game Over (9/11) Movie CLIP - The Deceiver (2003) HD	https://www.youtube.com/watch?v=Rj9fUYRr81A	Unedited Footage	Others	Documentary Style	Documentaries	Stage Talks	Stage Talks	Animated Graphics	Graphics	2025-07-29T01:30:15.189295	kaatje
AsapSCIENCE_-lzQxbcrscc	The Biggest Lie About AI	https://www.youtube.com/watch?v=-lzQxbcrscc	Cartoon	Animations	Cutout	Animations	Writing Hand	Writing Hand	Animated Graphics	Graphics	2025-07-29T01:31:13.028286	kaatje
Khan_Academy_3_DxJwDTbyQ	Recognizing direct and inverse variation | Rational expressions | Algebra II | Khan Academy	https://www.youtube.com/watch?v=3_DxJwDTbyQ	Writing Cursor	Writing Cursor			Writing Cursor	Writing Cursor	Whieboard	Writing Board	2025-07-29T01:33:09.368526	kaatje
Peekaboo_Kidz_tRJ3quIAuIY	What If You Fell In A Quicksand? | How to Survive QUICKSAND | Dr Binocs Show | Peekaboo Kidz	https://www.youtube.com/watch?v=tRJ3quIAuIY	Cartoon	Animations	Animated Graphics	Graphics	Cartoon	Animations	Infographics	Graphics	2025-07-29T01:33:53.349710	kaatje
RottenTomatoes_WsHqQAfZvc4	Kung Fu Panda 2 (2011) - Rickshaw Chase Scene (4/10) | Movieclips	https://www.youtube.com/watch?v=WsHqQAfZvc4	Cartoon	Animations	Cutout	Animations	Cartoon	Animations	Animated Graphics	Graphics	2025-07-29T01:34:43.202954	kaatje
eHowEducation_6FJW7FINRAA	What Are Five Branches of Chemistry? : Chemistry Lessons	https://www.youtube.com/watch?v=6FJW7FINRAA	Whieboard	Writing Board	Talking Head - Center	Talking Head	Talking Head - Center	Talking Head	Writing Hand	Writing Hand	2025-07-29T01:36:13.263220	kaatje
Gordon_Ramsay_WysiAYJHRCE	Gordon Ramsay FURIOUS At Lying Chef | Hotel Hell	https://www.youtube.com/watch?v=WysiAYJHRCE	Documentary Style	Documentaries			Documentary Style	Documentaries	Cooking	Demonstrations	2025-07-29T01:36:39.918417	kaatje
Facts_ZKtKJPymTpI	Irish People Watch Love At First Kiss For The First Time	https://www.youtube.com/watch?v=ZKtKJPymTpI	Interviews	Interviews			Talking Head - Corner	Talking Head	Talkshows	Interviews	2025-07-29T01:37:12.291885	kaatje
RottenTomatoes_ancPibgH6Bw	The Dark Knight Rises (2012) - Broken Bat Scene (3/10) | Movieclips	https://www.youtube.com/watch?v=ancPibgH6Bw	Surveillance Cam	Others			Documentary Style	Documentaries	Talking Head - Corner	Talking Head	2025-07-29T01:37:44.458988	kaatje
Simplilearn_XLP4YTpUpBI	The Rise Of Technology-Augmented Reality(AR), Virtual Reality(VR) And Mixed Reality(MR) |Simplilearn	https://www.youtube.com/watch?v=XLP4YTpUpBI	Cartoon	Animations	Animated Graphics	Graphics	Animated Graphics	Graphics	Infographics	Graphics	2025-07-29T01:38:21.809487	kaatje
Practical_Wisdom_Interesting_Ideas_lt9rHqQPmWc	Signs You’ve Jumped From Middle Class to Wealthy	https://www.youtube.com/watch?v=lt9rHqQPmWc	Infographics	Graphics			Documentary Style	Documentaries	Animated Graphics	Graphics	2025-07-29T01:38:50.808246	kaatje
Aunty_Donna_7QrLEOHhrpU	Dishonored 2: Broden Review - Insert Coin Ep02	https://www.youtube.com/watch?v=7QrLEOHhrpU	Talking Head - Corner	Talking Head	Screencasts	Screencasts	Talking Head - Corner	Talking Head	Games	Gaming	2025-07-29T01:39:21.927562	kaatje
The_Late_Show_Stephen_Colbert_EJBAT6-sUtU	Thomas Middleditch Is No N00b To Gaming	https://www.youtube.com/watch?v=EJBAT6-sUtU	Interviews	Interviews			Talking Head - Center	Talking Head	Interviews	Interviews	2025-07-29T01:39:44.071035	kaatje
Khan_Academy_5Ixp_0r5YWk	Nernst equation | Physical Processes | MCAT | Khan Academy	https://www.youtube.com/watch?v=5Ixp_0r5YWk	Chalkboard	Writing Board	Writing Cursor	Writing Cursor	Writing Cursor	Writing Cursor	Talking Head - Corner	Talking Head	2025-07-29T01:40:05.188551	kaatje
Gordon_Ramsay_-bX5_SujNfk	Gordon is Completely Appalled by Hoarder Hotel | Hotel Hell	https://www.youtube.com/watch?v=-bX5_SujNfk	Surveillance Cam	Others			Documentary Style	Documentaries	Talking Head - Center	Talking Head	2025-07-29T01:40:49.548007	kaatje
Deep_Dive_Ali_Abdaal_qBnfsYRA9cI	Advice Every 20 Year Old Needs To Hear	https://www.youtube.com/watch?v=qBnfsYRA9cI	Interviews	Interviews	Talkshows	Interviews	Podcast	Interviews	Talking Head - Center	Talking Head	2025-07-29T01:41:59.428607	kaatje
TED_Ed_e0uyu9vdd2g	The last chief of the Comanches and the fall of an empire - Dustin Tahmahkera	https://www.youtube.com/watch?v=e0uyu9vdd2g	Cartoon	Animations	Animated Graphics	Graphics	Infographics	Graphics	Documentary Style	Documentaries	2025-07-29T01:42:35.192240	kaatje
RottenTomatoes_scDWdIV7Fes	Madonna: Truth or Dare (7/8) Movie CLIP - Vogue (1991) HD	https://www.youtube.com/watch?v=scDWdIV7Fes	Documentary Style	Documentaries			Dance	Others	Documentary Style	Documentaries	2025-07-29T01:43:09.750908	kaatje
Khan_Academy_xKNX8BUWR0g	Surjective (onto) and injective (one-to-one) functions | Linear Algebra | Khan Academy	https://www.youtube.com/watch?v=xKNX8BUWR0g	Chalkboard	Writing Board	Writing Cursor	Writing Cursor	Writing Cursor	Writing Cursor	Animated Graphics	Graphics	2025-07-29T01:43:38.432205	kaatje
LEARN_xD36blv9zbQ	LEARN - How to Interpret a Picture - Part 2 - Like a Historian	https://www.youtube.com/watch?v=xD36blv9zbQ	Interviews	Interviews	Animated Graphics	Graphics	Infographics	Graphics	Animated Graphics	Graphics	2025-07-29T01:44:28.828864	kaatje
Jimmy_Fallon_DBV_bQiSpck	The Voidz: 7 Horses | The Tonight Show Starring Jimmy Fallon	https://www.youtube.com/watch?v=DBV_bQiSpck	Interviews	Interviews	Stage Talks	Stage Talks	Stage Talks	Stage Talks	Talking Head - Center	Talking Head	2025-07-29T01:45:23.510033	kaatje
RottenTomatoes_rA69NDoXRhI	Dying of the Light (2014) - What's Left of My Time Scene (3/10) | Movieclips	https://www.youtube.com/watch?v=rA69NDoXRhI	Unedited Footage	Others	Surveillance Cam	Others	Talking Head - Center	Talking Head	Interviews	Interviews	2025-07-29T01:46:12.590928	kaatje
TED_Ed_zLAYGZeVTPQ	The myth of Hades and Persephone - Iseult Gillespie	https://www.youtube.com/watch?v=zLAYGZeVTPQ	Cartoon	Animations	Documentary Style	Documentaries	Cartoon	Animations	Infographics	Graphics	2025-07-29T01:46:38.368822	kaatje
ElectroBOOM_SVepW3f_V-M	Making a High Voltage Fuse	https://www.youtube.com/watch?v=SVepW3f_V-M	Experiments	Demonstrations			Experiments	Demonstrations	Talking Head - Center	Talking Head	2025-07-29T01:47:12.396579	kaatje
Peekaboo_Kidz_Y_RMjmMtjOY	The Mummification Process | How Mummies Were Made? | How Egyptians Mummified Bodies? | Dr. Binocs	https://www.youtube.com/watch?v=Y_RMjmMtjOY	Cartoon	Animations	Animated Graphics	Graphics	Infographics	Graphics	Cartoon	Animations	2025-07-29T01:49:01.029104	kaatje
SecondThought_5gxsk_zy9pk	First Contact Part 1: How Prepared Are We?	https://www.youtube.com/watch?v=5gxsk_zy9pk	Animated Graphics	Graphics			Animated Graphics	Graphics	Infographics	Graphics	2025-07-29T01:50:28.773412	kaatje
Psych_Hub_Wn4AVjMMYX4	LGBTQ Youth	https://www.youtube.com/watch?v=Wn4AVjMMYX4	Animated Graphics	Graphics	Cartoon	Animations	Infographics	Graphics	Animated Graphics	Graphics	2025-07-29T01:51:14.298486	kaatje
Sprouts_rZfAsbhfL_Y	Bruner’s 3 Steps of Learning in a Spiral Curriculum	https://www.youtube.com/watch?v=rZfAsbhfL_Y	Cartoon	Animations	Animated Graphics	Graphics	Comic Panel Style	Animations	Animated Graphics	Graphics	2025-07-29T01:52:04.795060	kaatje
Learn_Bright_vG6d_ytRdiI	ASL Angles for Kids	https://www.youtube.com/watch?v=vG6d_ytRdiI	Talking Head - Corner	Talking Head	Screencasts	Screencasts	Chalkboard	Writing Board	Talking Head - Center	Talking Head	2025-07-29T01:53:25.768036	kaatje
SmarterEveryDay_NwR6xKkHOyM	Cuteness Overload | Project for Awesome 2014	https://www.youtube.com/watch?v=NwR6xKkHOyM	Surveillance Cam	Others			Vlog	Vlog	Skit	Skit	2025-07-29T01:54:40.839907	kaatje
BuzzFeed_Celeb_WbbTIO-trSk	"The Cast Of ""Lucifer"" Finds Out Which Characters They Really Are"	https://www.youtube.com/watch?v=WbbTIO-trSk	Interviews	Interviews	Panel - Virtual	Panel	Panel - Virtual	Panel	Talking Head - Center	Talking Head	2025-07-29T01:55:00.155936	kaatje
Fireship_QQu1_bf1Bdo	YouTube's high-stakes war on Ad Blockers	https://www.youtube.com/watch?v=QQu1_bf1Bdo	Documentary Style	Documentaries	Animated Graphics	Graphics	Screencasts	Screencasts	Animated Graphics	Graphics	2025-07-29T01:55:44.096503	kaatje
Khan_Academy_iDBJK0y8vb0	Delacroix, The Death of Sardanapalus	https://www.youtube.com/watch?v=iDBJK0y8vb0	Surveillance Cam	Others	Documentary Style	Documentaries	Documentary Style	Documentaries	Talking Head - Corner	Talking Head	2025-07-29T01:56:08.283235	kaatje
MrBeast_Gaming_FKuLIrwIjt8	Extreme Squid Game Challenge!	https://www.youtube.com/watch?v=FKuLIrwIjt8	Talking Head - Corner	Talking Head	Cartoon	Animations	Games	Gaming	Talking Head - Corner	Talking Head	2025-07-29T01:56:59.522913	kaatje
Programming_with_Mosh_QygRnETpBIg	Access Modifiers in TypeScript	https://www.youtube.com/watch?v=QygRnETpBIg	Screencasts	Screencasts	Writing Cursor	Writing Cursor	Screencasts	Screencasts	Screencasts	Screencasts	2025-07-29T01:57:42.417229	kaatje
RottenTomatoes_oLJ7246t3-c	Frank & Jesse (1995) - Zee James Scene (7/11) | Movieclips	https://www.youtube.com/watch?v=oLJ7246t3-c	Unedited Footage	Others	Surveillance Cam	Others	Talkshows	Interviews	Unedited Footage	Others	2025-07-29T01:58:04.556238	kaatje
Vox_aKyvGHycngM	Why cities should plant more trees	https://www.youtube.com/watch?v=aKyvGHycngM	Animated Graphics	Graphics	Cartoon	Animations	Documentary Style	Documentaries	Infographics	Graphics	2025-07-29T01:58:32.760938	kaatje
Khan_Academy_Za7G_eWKiF4	Independent or dependent probability event? | Precalculus | Khan Academy	https://www.youtube.com/watch?v=Za7G_eWKiF4	Writing Cursor	Writing Cursor	Chalkboard	Writing Board	Writing Cursor	Writing Cursor	Infographics	Graphics	2025-07-29T01:59:01.095428	kaatje
Extra_History_9KrBm1qpCnE	Warlocks and Warriors - Russian Myth - Extra Mythology	https://www.youtube.com/watch?v=9KrBm1qpCnE	Cartoon	Animations	Documentary Style	Documentaries	Cartoon	Animations	Infographics	Graphics	2025-07-29T01:59:42.015836	kaatje
IBM_Technology_yKqUdyzsBXw	AI in Customer Experience, Customer Service & Customer Support	https://www.youtube.com/watch?v=yKqUdyzsBXw	Talking Head - Center	Talking Head	Glassboard	Writing Board	Glassboard	Writing Board	Talking Head - Center	Talking Head	2025-07-29T02:00:36.755302	kaatje
Seth_Meyers_5OWxG6CXI1I	Marianne Williamson on Humor, Morality and Beating Trump in 2020	https://www.youtube.com/watch?v=5OWxG6CXI1I	Interviews	Interviews	Talkshows	Interviews	Talking Head - Center	Talking Head	Talkshows	Interviews	2025-07-29T02:00:58.121368	kaatje
Jimmy_Fallon_MTH8iuOYviw	Virtual Reality Pictionary with Kate McKinnon and Patton Oswalt	https://www.youtube.com/watch?v=MTH8iuOYviw	Interviews	Interviews	Talkshows	Interviews	Animated Graphics	Graphics	Stage Talks	Stage Talks	2025-07-29T02:01:26.896120	kaatje
RottenTomatoes_XO3-PumyjoI	The Perks of Being a Wallflower (1/11) Movie CLIP - Come On Eileen (2012) HD	https://www.youtube.com/watch?v=XO3-PumyjoI	Surveillance Cam	Others	Dance	Others	Dance	Others	Talkshows	Interviews	2025-07-29T02:02:19.337173	kaatje
Professor_Dave_Explains_OBsBtuh-wAk	Smallpox (Variola Virus)	https://www.youtube.com/watch?v=OBsBtuh-wAk	Cutout	Animations	Animated Graphics	Graphics	Infographics	Graphics	Animated Graphics	Graphics	2025-07-29T02:02:52.936360	kaatje
AlphaPhoenix_zaMg15CZXug	Doggie Doorbell	https://www.youtube.com/watch?v=zaMg15CZXug	Surveillance Cam	Others	Unedited Footage	Others	Experiments	Demonstrations	Talking Head - Center	Talking Head	2025-07-29T02:03:30.915247	kaatje
Aunty_Donna_X1U9XgCwfMc	The South African Sams Extra Takes - Aunty Donna's Big Ol' House of Fun	https://www.youtube.com/watch?v=X1U9XgCwfMc	Skit	Skit	Unedited Footage	Others	Skit	Skit	Talkshows	Interviews	2025-07-29T02:04:20.243047	kaatje
Khan_Academy_4ZWbeESjv4M	Examples finding the domain of functions	https://www.youtube.com/watch?v=4ZWbeESjv4M	Writing Cursor	Writing Cursor			Writing Cursor	Writing Cursor	Talking Head - Corner	Talking Head	2025-07-29T02:04:45.686694	kaatje
Vox_v3MtBE37wHY	How slow motion works	https://www.youtube.com/watch?v=v3MtBE37wHY	Animated Graphics	Graphics			Documentary Style	Documentaries	Infographics	Graphics	2025-07-29T02:05:26.956689	kaatje
Netflix_j3X5zG2q67s	A Very Furry Queer Eye Special: Philadelphia Mascot Gritty Gets A Makeover | Netflix	https://www.youtube.com/watch?v=j3X5zG2q67s	Unedited Footage	Others	Surveillance Cam	Others	Documentary Style	Documentaries	Talking Head - Center	Talking Head	2025-07-29T02:06:04.637800	kaatje
Jeff_Su_gkYNdy-Hig4	6 Underrated Macbook Apps for Productivity!	https://www.youtube.com/watch?v=gkYNdy-Hig4	Talking Head - Corner	Talking Head	Screencasts	Screencasts	Screencasts	Screencasts	Animated Graphics	Graphics	2025-07-29T02:06:52.815684	kaatje
RottenTomatoes_lKE3zh_Hxqw	Beverly Hills Cop (4/10) Movie CLIP - Foul-Mouthed? (1984) HD	https://www.youtube.com/watch?v=lKE3zh_Hxqw	Unedited Footage	Others			Documentary Style	Documentaries	Interviews	Interviews	2025-07-29T02:07:38.319994	kaatje
IBM_Technology_jcgaNrC4ElU	Five Steps to Create a New AI Model	https://www.youtube.com/watch?v=jcgaNrC4ElU	Chalkboard	Writing Board			Talking Head - Center	Talking Head	Glassboard	Writing Board	2025-07-29T02:08:20.416536	kaatje
RottenTomatoes_5hSl6kTXqBo	Bloodshot (2020) - Death in the Tunnel Scene (4/10) | Movieclips	https://www.youtube.com/watch?v=5hSl6kTXqBo	Unedited Footage	Others	Documentary Style	Documentaries	Talking Head - Corner	Talking Head	Talking Head - Center	Talking Head	2025-07-29T02:08:48.755302	kaatje
Sam_the_Cooking_Guy_2O2afWLh7IM	ONE PAN STEAK DINNER ON THE TABLE IN UNDER 30 MINUTES! | SAM THE COOKING GUY	https://www.youtube.com/watch?v=2O2afWLh7IM	Cooking	Demonstrations	Talking Head - Center	Talking Head	Cooking	Demonstrations	Animated Graphics	Graphics	2025-07-29T02:09:24.440512	kaatje
Seth_Meyers_RMUzSqVJ-OA	"Jake Gyllenhaal Wanted to Use ""Singin' in the Rain"" as His UFC Walkout Song"	https://www.youtube.com/watch?v=RMUzSqVJ-OA	Interviews	Interviews	Talkshows	Interviews	Talking Head - Center	Talking Head	Talkshows	Interviews	2025-07-29T02:09:55.696590	kaatje
Seth_Meyers_IEkdck_L2oc	Nick Offerman Shaved His Beard to Save His Marriage with Megan Mullally	https://www.youtube.com/watch?v=IEkdck_L2oc	Talkshows	Interviews	Interviews	Interviews	Talking Head - Center	Talking Head	Podcast	Interviews	2025-07-29T02:10:33.845629	kaatje
FGTeeV_eE_fOdmBrWw	There's a GOOZY game AMONG US!  (FGTeeV NEW Mobile Game + A.U. Deleted Scenes)	https://www.youtube.com/watch?v=eE_fOdmBrWw	Screencasts	Screencasts	Talking Head - Corner	Talking Head	Games	Gaming	Animated Graphics	Graphics	2025-07-29T02:11:11.848791	kaatje
eHowEducation_eKz7Ysb-3BQ	Mean, Mode, Range & Average	https://www.youtube.com/watch?v=eKz7Ysb-3BQ	Talkshows	Interviews	Chalkboard	Writing Board	Talking Head - Center	Talking Head	Chalkboard	Writing Board	2025-07-29T02:11:44.147481	kaatje
Comedy_Dynamics_2NQcC-7i7qs	Helping Mom Quit Smoking - Nick Alexander	https://www.youtube.com/watch?v=2NQcC-7i7qs	Stage Talks	Stage Talks	Talking Head - Center	Talking Head	Stage Talks	Stage Talks	Talking Head - Center	Talking Head	2025-07-29T02:12:20.029987	kaatje
RottenTomatoes_i-VeLFEMeko	Spy Kids (3/10) Movie CLIP - Becoming Spies (2001) HD	https://www.youtube.com/watch?v=i-VeLFEMeko	Unedited Footage	Others	Skit	Skit	Talkshows	Interviews	Skit	Skit	2025-07-29T02:13:07.088370	kaatje
ElectroBOOM_A129SM9S54A	How to change the brake pads of your car	https://www.youtube.com/watch?v=A129SM9S54A	Unedited Footage	Others			Experiments	Demonstrations	Experiments	Demonstrations	2025-07-29T02:13:40.048384	kaatje
David_Taylor_OqLZ7thb3Sg	Images in Blackboard: Embed, Position, Resize, Wrap Text	https://www.youtube.com/watch?v=OqLZ7thb3Sg	Screencasts	Screencasts	Writing Cursor	Writing Cursor	Screencasts	Screencasts	Talking Head - Corner	Talking Head	2025-07-29T02:14:14.332180	kaatje
Deep_Dive_Ali_Abdaal_jA-BdFiTWMY	"Serial Entrepreneur: ""Here's How I Run Multiple-Businesses"""	https://www.youtube.com/watch?v=jA-BdFiTWMY	Interviews	Interviews			Interviews	Interviews	Talking Head - Center	Talking Head	2025-07-29T02:15:02.908256	kaatje
Conan_OBrien_sm4SAncusTM	Scarlett Johansson’s First Paid Acting Gig Was On “Late Night” | Late Night with Conan O’Brien	https://www.youtube.com/watch?v=sm4SAncusTM	Interviews	Interviews			Talking Head - Center	Talking Head	Stage Talks	Stage Talks	2025-07-29T02:15:37.398595	kaatje
RottenTomatoes_zuSBq10_5go	Venom (2018) - Venom vs. Riot Scene (8/10) | Movieclips	https://www.youtube.com/watch?v=zuSBq10_5go	Unedited Footage	Others	Documentary Style	Documentaries	Surveillance Cam	Others	Documentary Style	Documentaries	2025-07-29T02:16:09.349928	kaatje
RottenTomatoes_wgHRj2-vvs8	Saving Private Ryan (5/7) Movie CLIP - Private Jackson (1998) HD	https://www.youtube.com/watch?v=wgHRj2-vvs8	Unedited Footage	Others	Surveillance Cam	Others	Documentary Style	Documentaries	Point of View	Vlog	2025-07-29T02:16:31.573707	kaatje
RottenTomatoes_l6TGERgrXmA	Sherlock Holmes (2009) - What Can You Tell About Me? Scene (2/10) | Movieclips	https://www.youtube.com/watch?v=l6TGERgrXmA	Unedited Footage	Others	Documentary Style	Documentaries	Talking Head - Center	Talking Head	Talkshows	Interviews	2025-07-29T02:17:19.593298	kaatje
60_Minutes_tn3OdH4LqIY	The game that changed Charles Barkley's life | 60 Minutes	https://www.youtube.com/watch?v=tn3OdH4LqIY	Interviews	Interviews	Panel - In Person	Panel	Documentary Style	Documentaries	Talking Head - Center	Talking Head	2025-07-29T02:17:52.088970	kaatje
Khan_Academy_YghRP8S2K-4	Applying radical equations 2 | Exponent expressions and equations | Algebra I | Khan Academy	https://www.youtube.com/watch?v=YghRP8S2K-4	Chalkboard	Writing Board	Writing Cursor	Writing Cursor	Writing Cursor	Writing Cursor	Infographics	Graphics	2025-07-29T02:18:31.087691	kaatje
TED_XQJhRDbsDzI	Your identity is your superpower | America Ferrera	https://www.youtube.com/watch?v=XQJhRDbsDzI	Talking Head - Center	Talking Head	Stage Talks	Stage Talks	Stage Talks	Stage Talks	Talking Head - Center	Talking Head	2025-07-29T02:19:06.629082	kaatje
Geography_Geek_Pj4gA1aOBCM	Why is Korea an Island on Old Maps?	https://www.youtube.com/watch?v=Pj4gA1aOBCM	Comic Panel Style	Animations	Documentary Style	Documentaries	Infographics	Graphics	Animated Graphics	Graphics	2025-07-29T02:20:35.569768	kaatje
Benjamin_Keep_8l3Mux2Khe0	The thing that kills creativity | Psychology, insight, and problem solving.	https://www.youtube.com/watch?v=8l3Mux2Khe0	Talking Head - Center	Talking Head	Documentary Style	Documentaries	Talking Head - Center	Talking Head	Slidedecks	Slidedecks	2025-07-29T02:21:26.048572	kaatje
Simplilearn_Nj3Ez95M-ys	Top 10 Richest People In The World 2023 | World's Richest Billionaires | Simplilearn	https://www.youtube.com/watch?v=Nj3Ez95M-ys	Documentary Style	Documentaries			Infographics	Graphics	Talking Head - Center	Talking Head	2025-07-29T02:22:29.327556	kaatje
RottenTomatoes_XzKYNZY9Hpk	Scream 2 (2/12) Movie CLIP - Sequels Suck! (1997) HD	https://www.youtube.com/watch?v=XzKYNZY9Hpk	Unedited Footage	Others	Surveillance Cam	Others	Classroom	Lectures	Talking Head - Center	Talking Head	2025-07-29T02:23:21.230153	kaatje
RottenTomatoes_Bypor4e04rg	Lord of the Rings: The Fellowship of the Ring (2001) - The Fellowship Assembles Scene | Movieclips	https://www.youtube.com/watch?v=Bypor4e04rg	Unedited Footage	Others	Panel - In Person	Panel	Interviews	Interviews	Talking Head - Corner	Talking Head	2025-07-29T02:24:23.245139	kaatje
eHowEducation_mq-YKt0Xw20	How to Convert Binary to Decimal by Multiplication : Advanced Multiplication	https://www.youtube.com/watch?v=mq-YKt0Xw20	Talking Head - Center	Talking Head			Whieboard	Writing Board	Talking Head - Center	Talking Head	2025-07-29T02:25:09.169669	kaatje
The_Late_Show_Stephen_Colbert_EC3_lkICSJc	Meanwhile… Kim Kardashian’s Salmon Sperm Facial | George R. R. Martin Is Mad | Raccoon Rescue	https://www.youtube.com/watch?v=EC3_lkICSJc	Talking Head - Center	Talking Head	Documentary Style	Documentaries	Talking Head - Center	Talking Head	Animated Graphics	Graphics	2025-07-29T02:25:54.519272	kaatje
Vox_n54-eEvoMpg	Why 23 million Americans don't have fast internet	https://www.youtube.com/watch?v=n54-eEvoMpg	Documentary Style	Documentaries	Animated Graphics	Graphics	Documentary Style	Documentaries	Animated Graphics	Graphics	2025-07-29T02:27:02.867925	kaatje
RottenTomatoes_gQNFCRom7c0	The Fabulous Baker Boys (1989) - Makin' Whoopee Scene (6/11) | Movieclips	https://www.youtube.com/watch?v=gQNFCRom7c0	Interviews	Interviews	Surveillance Cam	Others	Stage Talks	Stage Talks	Dance	Others	2025-07-29T02:28:34.098925	kaatje
Berklee_POrXMpK5vd8	Dream Theater | How to Play “Erotomania” Guitar Solo | John Petrucci | Metal Guitar | Shaun Michaud	https://www.youtube.com/watch?v=POrXMpK5vd8	Interviews	Interviews	Talking Head - Center	Talking Head	Talking Head - Center	Talking Head	Experiments	Demonstrations	2025-07-29T02:29:15.742940	kaatje
Khan_Academy_GmD7Czmol0k	How to evaluate expressions in two variables with decimals and fractions | 6th grade | Khan Academy	https://www.youtube.com/watch?v=GmD7Czmol0k	Chalkboard	Writing Board	Writing Cursor	Writing Cursor	Writing Cursor	Writing Cursor	Infographics	Graphics	2025-07-29T02:29:47.737242	kaatje
ESPN_Otc5vYWwkPY	Stephen A. & Mad Dog CRITICIZE TIMING reinstating Pete Rose & Shoeless Joe | First Take YT Exclusive	https://www.youtube.com/watch?v=Otc5vYWwkPY	Interviews	Interviews	Panel - In Person	Panel	Talking Head - Center	Talking Head	Interviews	Interviews	2025-07-29T02:30:52.713707	kaatje
Facts_HW7F-M8Rcjo	Irish People Try To Explain Emoji Meanings	https://www.youtube.com/watch?v=HW7F-M8Rcjo	Talkshows	Interviews	Interviews	Interviews	Talking Head - Center	Talking Head	Talkshows	Interviews	2025-07-29T02:31:47.335355	kaatje
Conan_OBrien_XPeT48C9Zco	Conan & Sona Talk About Their Siblings | Conan O'Brien Needs A Friend	https://www.youtube.com/watch?v=XPeT48C9Zco	Interviews	Interviews	Talkshows	Interviews	Podcast	Interviews	Talking Head - Center	Talking Head	2025-07-29T02:32:22.714976	kaatje
RottenTomatoes_NYo4WkYNLn4	John Wick (7/10) Movie CLIP - Where Is He? (2014) HD	https://www.youtube.com/watch?v=NYo4WkYNLn4	Unedited Footage	Others	Surveillance Cam	Others	Unedited Footage	Others	Talking Head - Corner	Talking Head	2025-07-29T02:32:48.255759	kaatje
Khan_Academy_a8g6ma0MBaA	Glass Chair at the 1939 New York World's Fair	https://www.youtube.com/watch?v=a8g6ma0MBaA	Documentary Style	Documentaries	Animated Graphics	Graphics	Documentary Style	Documentaries	Slidedecks	Slidedecks	2025-07-29T02:33:26.853887	kaatje
Khan_Academy_6zdkeZ_UDXY	Recognition | Vocabulary | Khan Academy	https://www.youtube.com/watch?v=6zdkeZ_UDXY	Writing Cursor	Writing Cursor	Chalkboard	Writing Board	Writing Cursor	Writing Cursor	Infographics	Graphics	2025-07-29T02:34:03.355946	kaatje
Khan_Academy_9KR1bad76qg	Social institutions | Society and Culture | MCAT | Khan Academy	https://www.youtube.com/watch?v=9KR1bad76qg	Writing Cursor	Writing Cursor	Chalkboard	Writing Board	Writing Cursor	Writing Cursor	Infographics	Graphics	2025-07-29T02:34:31.595013	kaatje
Gordon_Ramsay__GkVrmNBEL4	Three of the Best Gordon Ramsay Hotel Hell Makeovers	https://www.youtube.com/watch?v=_GkVrmNBEL4	Unedited Footage	Others	Surveillance Cam	Others	Documentary Style	Documentaries	Talking Head - Center	Talking Head	2025-07-29T02:34:51.480519	kaatje
AsapSCIENCE_bcmJ5u4Ord0	Amazing Earth Facts To Blow Your Mind	https://www.youtube.com/watch?v=bcmJ5u4Ord0	Cartoon	Animations	Comic Panel Style	Animations	Writing Hand	Writing Hand	Infographics	Graphics	2025-07-29T02:35:44.617814	kaatje
NYT_Podcasts_fOygD14a914	Can Learning to Love Beans Help Save the Planet?	https://www.youtube.com/watch?v=fOygD14a914	Podcast	Interviews	Interviews	Interviews	Static Screen	Others	Talking Head - Corner	Talking Head	2025-07-29T02:36:36.792951	kaatje
The_B1M_V4awZOrzyjo	Why There Are No Megatall Skyscrapers in New York	https://www.youtube.com/watch?v=V4awZOrzyjo	Documentary Style	Documentaries			Documentary Style	Documentaries	Infographics	Graphics	2025-07-29T02:37:13.295399	kaatje
Practical_Engineering_iWc3BcCvEW0	Resin Sphere Turning Experiment Failure	https://www.youtube.com/watch?v=iWc3BcCvEW0	Experiments	Demonstrations	Vlog	Vlog	Experiments	Demonstrations	Experiments	Demonstrations	2025-07-29T02:38:01.726952	kaatje
Facts_Yjh08PzW_Zc	Women Try On Historic Undergarments	https://www.youtube.com/watch?v=Yjh08PzW_Zc	Talking Head - Center	Talking Head	Interviews	Interviews	Talking Head - Center	Talking Head	Documentary Style	Documentaries	2025-07-29T02:38:26.638944	kaatje
RottenTomatoes_e5gfRaN5gaE	Dead Snow: Red vs. Dead (2014) - Zombie War Scene (8/10) | Movieclips	https://www.youtube.com/watch?v=e5gfRaN5gaE	Unedited Footage	Others	Surveillance Cam	Others	Unedited Footage	Others	Talking Head - Corner	Talking Head	2025-07-29T02:41:55.212907	kaatje
AsapSCIENCE_Rx-urUi0mnA	Was legalizing weed a mistake?	https://www.youtube.com/watch?v=Rx-urUi0mnA	Cartoon	Animations	Infographics	Graphics	Writing Hand	Writing Hand	Whieboard	Writing Board	2025-07-29T02:42:36.392639	kaatje
National_Geographic_40yqDWiEr_g	Einstein the Mad Scientist | Genius	https://www.youtube.com/watch?v=40yqDWiEr_g	Surveillance Cam	Others			Chalkboard	Writing Board	Documentary Style	Documentaries	2025-07-29T02:43:29.056309	kaatje
Khan_Academy_Yeie-aJT2eU	Divergence intuition, part 2	https://www.youtube.com/watch?v=Yeie-aJT2eU	Chalkboard	Writing Board	Writing Cursor	Writing Cursor	Writing Cursor	Writing Cursor	Animated Graphics	Graphics	2025-07-29T02:44:14.471114	kaatje
Seth_Meyers_eeOtElDyrgs	John Mulaney Tries to Explain What a VSCO Girl Is to Seth	https://www.youtube.com/watch?v=eeOtElDyrgs	Talkshows	Interviews	Talkshows	Interviews	Talking Head - Center	Talking Head	Talkshows	Interviews	2025-07-29T02:44:45.648415	kaatje
Chris_Williamson_FbHLdC5WLek	Is It Possible To Put Women In The Friend Zone? - Ryan Long	https://www.youtube.com/watch?v=FbHLdC5WLek	Talkshows	Interviews	Interviews	Interviews	Podcast	Interviews	Talking Head - Center	Talking Head	2025-07-29T02:45:20.259825	kaatje
Conan_OBrien_Z8s-NRK37is	"Ricky Gervais Helps Americans Understand ""The Office"" | Late Night with Conan O’Brien"	https://www.youtube.com/watch?v=Z8s-NRK37is	Interviews	Interviews	Talkshows	Interviews	Talking Head - Center	Talking Head	Interviews	Interviews	2025-07-29T02:45:44.089032	kaatje
Extra_History_6WkjHyKHyX4	Hogs in History - Creator and Destroyer - Extra History	https://www.youtube.com/watch?v=6WkjHyKHyX4	Cartoon	Animations	Documentary Style	Documentaries	Infographics	Graphics	Cartoon	Animations	2025-07-29T02:46:39.188646	kaatje
Knatim_AWZw8NsbEbY	15 Leadership Clip - Chris Spence.wmv	https://www.youtube.com/watch?v=AWZw8NsbEbY	Slidedecks	Slidedecks	Talking Head - Center	Talking Head	Talking Head - Center	Talking Head	Classroom	Lectures	2025-07-29T02:47:37.134966	kaatje
RottenTomatoes_kDfvxJUxL10	Erin Brockovich (3/10) Movie CLIP - Erin Is Re-hired (2000) HD	https://www.youtube.com/watch?v=kDfvxJUxL10	Surveillance Cam	Others			Talkshows	Interviews	Talking Head - Center	Talking Head	2025-07-29T02:48:12.688406	kaatje
Fox_US_News_gDoOH3O3vcM	TikTok bill at 'the end of the day it's about our adversaries': Rep. Michael Waltz	https://www.youtube.com/watch?v=gDoOH3O3vcM	Talking Head - Center	Talking Head	Animated Graphics	Graphics	Talking Head - Center	Talking Head	Interviews	Interviews	2025-07-29T02:48:52.885864	kaatje
NYT_Podcasts_ZqeqTYKE5FI	Uninspired by Plant-Based Foods? Add Some Anchovies.	https://www.youtube.com/watch?v=ZqeqTYKE5FI	Podcast	Interviews	Interviews	Interviews	Static Screen	Others	Talking Head - Corner	Talking Head	2025-07-29T02:49:49.476592	kaatje
RottenTomatoes_C1NgX-w54RY	Star Trek: The Undiscovered Country (6/8) Movie CLIP - A Painful Mind Meld (1991) HD	https://www.youtube.com/watch?v=C1NgX-w54RY	Unedited Footage	Others	Surveillance Cam	Others	Talking Head - Center	Talking Head	Talking Head - Corner	Talking Head	2025-07-29T02:50:24.145921	kaatje
National_Geographic_XOMC4Wpp67Q	Subterranean Treasure | Primal Survivor	https://www.youtube.com/watch?v=XOMC4Wpp67Q	Talking Head - Center	Talking Head			Documentary Style	Documentaries	Point of View	Vlog	2025-07-29T02:51:26.575561	kaatje
RottenTomatoes_lZ885HzflVc	"Teen Witch (1/12) Movie CLIP - Mr. Miller Teaches ""Romance"" (1989) HD"	https://www.youtube.com/watch?v=lZ885HzflVc	Surveillance Cam	Others	Unedited Footage	Others	Classroom	Lectures	Talking Head - Center	Talking Head	2025-07-29T02:51:43.695231	kaatje
Not_Another_Cooking_Show_xGqVUgt_b9I	how to make TURKEY STOCK FROM SCRATCH for THANKSGIVING	https://www.youtube.com/watch?v=xGqVUgt_b9I	Cooking	Demonstrations	Talking Head - Corner	Talking Head	Cooking	Demonstrations	Talking Head - Center	Talking Head	2025-07-29T02:52:28.036838	kaatje
RottenTomatoes_GXIoVVmTRlg	The War Tapes (2006) Official Trailer # 1 - Zack Bazzi HD	https://www.youtube.com/watch?v=GXIoVVmTRlg	Unedited Footage	Others	Documentary Style	Documentaries	Documentary Style	Documentaries	Point of View	Vlog	2025-07-29T02:53:10.559008	kaatje
Conan_OBrien_gplM_zsVm5M	Why Anthony Hopkins Is Done with Hannibal Lecter | Late Night with Conan O’Brien	https://www.youtube.com/watch?v=gplM_zsVm5M	Interviews	Interviews	Talkshows	Interviews	Talking Head - Center	Talking Head	Interviews	Interviews	2025-07-29T02:53:31.255718	kaatje
Practical_Engineering_UOHURuAf5iY	What is Concrete?	https://www.youtube.com/watch?v=UOHURuAf5iY	Talkshows	Interviews	Unedited Footage	Others	Experiments	Demonstrations	Infographics	Graphics	2025-07-29T02:54:03.335886	kaatje
The_Late_Show_Stephen_Colbert_MiBK4i6490Y	A Late Show Hits The Campaign Trail (Back When It Was Safe To)	https://www.youtube.com/watch?v=MiBK4i6490Y	Interviews	Interviews	Talkshows	Interviews	Interviews	Interviews	Documentary Style	Documentaries	2025-07-29T02:54:36.493229	kaatje
CSPAN_VjKG2zwc5zs	"AFT President on arming school teachers: ""It's a terrible idea."" (C-SPAN)"	https://www.youtube.com/watch?v=VjKG2zwc5zs	Interviews	Interviews	Panel - In Person	Panel	Panel - In Person	Panel	Talking Head - Center	Talking Head	2025-07-29T02:55:01.858890	kaatje
RottenTomatoes_v3mEThrA_W8	Wonka Trailer #1 (2023)	https://www.youtube.com/watch?v=v3mEThrA_W8	Documentary Style	Documentaries	Surveillance Cam	Others	Documentary Style	Documentaries	Animated Graphics	Graphics	2025-07-29T02:55:38.419460	kaatje
halfasinteresting_Q5QzK4cU3QI	Why One Company Technically Owns Every Stock in the US	https://www.youtube.com/watch?v=Q5QzK4cU3QI	Cartoon	Animations	Animated Graphics	Graphics	Animated Graphics	Graphics	Infographics	Graphics	2025-07-29T02:56:36.842880	kaatje
StatQuest_FKM7hZKYEqw	Your Dark Side	https://www.youtube.com/watch?v=FKM7hZKYEqw	Surveillance Cam	Others	Unedited Footage	Others	Slidedecks	Slidedecks	Writing Cursor	Writing Cursor	2025-07-29T02:57:12.733474	kaatje
Sam_ONella_Academy_7s6VfSOuZpQ	The Wild World of Inuit Folklore	https://www.youtube.com/watch?v=7s6VfSOuZpQ	Cartoon	Animations	Documentary Style	Documentaries	Cartoon	Animations	Infographics	Graphics	2025-07-29T02:57:44.434647	kaatje
Khan_Academy_SwB9Fq5VRZY	The yield curve | Stocks and bonds | Finance & Capital Markets | Khan Academy	https://www.youtube.com/watch?v=SwB9Fq5VRZY	Writing Cursor	Writing Cursor	Chalkboard	Writing Board	Writing Cursor	Writing Cursor	Infographics	Graphics	2025-07-29T02:58:18.772539	kaatje
Conan_OBrien_MIKOcCKFDME	Conan Throws Knives With Penn & Teller | Late Night with Conan O’Brien	https://www.youtube.com/watch?v=MIKOcCKFDME	Interviews	Interviews	Talkshows	Interviews	Stage Talks	Stage Talks	Skit	Skit	2025-07-29T02:58:58.055084	kaatje
Courtney_Ryan_yXTgRtZPgns	3 Types Of Watches For Every Guy | Courtney Ryan	https://www.youtube.com/watch?v=yXTgRtZPgns	Talking Head - Center	Talking Head	Vlog	Vlog	Talking Head - Center	Talking Head	Animated Graphics	Graphics	2025-07-29T02:59:40.893836	kaatje
Seth_Meyers_8F0L8F9V8js	Dominic Cooper Talks Starring in Preacher	https://www.youtube.com/watch?v=8F0L8F9V8js	Interviews	Interviews	Talkshows	Interviews	Talking Head - Center	Talking Head	Interviews	Interviews	2025-07-29T03:00:03.575301	kaatje
All4Ed_oO_HnR1BDZs	Federal Flash: 9/29/16: Career/Tech Rewrite Delayed; Gov't Shutdown Averted; ESSA Implementation	https://www.youtube.com/watch?v=oO_HnR1BDZs	Talking Head - Center	Talking Head	Stage Talks	Stage Talks	Talking Head - Center	Talking Head	Interviews	Interviews	2025-07-29T03:01:23.313867	kaatje
Psych_Hub_kaxFzln7ssE	What is Schizophrenia?	https://www.youtube.com/watch?v=kaxFzln7ssE	Cartoon	Animations	Documentary Style	Documentaries	Infographics	Graphics	Cartoon	Animations	2025-07-29T03:02:09.093605	kaatje
Khan_Academy_BSKtQcLQLWU	Lagrange multiplier example, part 1	https://www.youtube.com/watch?v=BSKtQcLQLWU	Chalkboard	Writing Board	Writing Cursor	Writing Cursor	Writing Cursor	Writing Cursor	Infographics	Graphics	2025-07-29T03:02:32.755351	kaatje
DanTDM_t7BJfMS2HTQ	Minecraft | TOAST CHALLENGE!! | Custom Mod Minigame	https://www.youtube.com/watch?v=t7BJfMS2HTQ	Screencasts	Screencasts	Unedited Footage	Others	Games	Gaming	Talking Head - Corner	Talking Head	2025-07-29T03:03:00.939384	kaatje
Comedy_Central_Stand_Up_67pDA2EMsZQ	Tacarra Williams’s 12-Year-Old Daughter Had an Outrageous Request	https://www.youtube.com/watch?v=67pDA2EMsZQ	Stage Talks	Stage Talks	Talking Head - Center	Talking Head	Stage Talks	Stage Talks	Talking Head - Center	Talking Head	2025-07-29T03:03:36.881969	kaatje
The_Law_Simplified_by-F2gy7UJE	'Thinking' Your Way to a First Class	https://www.youtube.com/watch?v=by-F2gy7UJE	Talking Head - Center	Talking Head	Screencasts	Screencasts	Talking Head - Center	Talking Head	Slidedecks	Slidedecks	2025-07-29T03:04:12.643259	kaatje
Vox_aqNHc6ZH7P4	How Trump turned Sean Hannity into a conspiracy theorist	https://www.youtube.com/watch?v=aqNHc6ZH7P4	Documentary Style	Documentaries	Talking Head - Center	Talking Head	Documentary Style	Documentaries	Talking Head - Center	Talking Head	2025-07-29T03:05:19.774385	kaatje
The_Royal_Institution_KB__BVdWKWI	How To Make Your Own Animations - At home science - ExpeRimental #27	https://www.youtube.com/watch?v=KB__BVdWKWI	Experiments	Demonstrations	Vlog	Vlog	Cutout	Animations	Writing Hand	Writing Hand	2025-07-29T03:06:05.995391	kaatje
Jimmy_Fallon_Sv64r3TdDuc	Joaquin Phoenix Is Trying to Quit Smoking with Hypnosis	https://www.youtube.com/watch?v=Sv64r3TdDuc	Interviews	Interviews	Talkshows	Interviews	Talking Head - Center	Talking Head	Interviews	Interviews	2025-07-29T03:06:28.788658	kaatje
RottenTomatoes_x9L9S7jEv_M	Leprechaun (5/11) Movie CLIP - Pogo on His Lung (1993) HD	https://www.youtube.com/watch?v=x9L9S7jEv_M	Unedited Footage	Others	Documentary Style	Documentaries	Unedited Footage	Others	Talking Head - Corner	Talking Head	2025-07-29T03:06:51.053571	kaatje
BRAINY_DOSE_a11uewErjbU	How To Know if a Guy Likes You - 10 Signs He's Interested	https://www.youtube.com/watch?v=a11uewErjbU	Documentary Style	Documentaries	Slidedecks	Slidedecks	Talkshows	Interviews	Animated Graphics	Graphics	2025-07-29T03:07:41.493127	kaatje
Khan_Academy_-MaD9Ycy3a4	Capacitors in series | Circuits | Physics | Khan Academy	https://www.youtube.com/watch?v=-MaD9Ycy3a4	Animated Graphics	Graphics	Infographics	Graphics	Writing Cursor	Writing Cursor	Writing Hand	Writing Hand	2025-07-29T03:09:26.088509	kaatje
RottenTomatoes_nuVfizTRHZs	Never Say Never Again (7/10) Movie CLIP - A Superior Woman (1983) HD	https://www.youtube.com/watch?v=nuVfizTRHZs	Unedited Footage	Others			Talking Head - Center	Talking Head	Documentary Style	Documentaries	2025-07-29T03:10:11.462867	kaatje
RottenTomatoes_AhZw2QXKT1A	Goosebumps 2: Haunted Halloween (2018) - The Monsters Come Alive Scene (6/10) | Movieclips	https://www.youtube.com/watch?v=AhZw2QXKT1A	Surveillance Cam	Others			Animated Graphics	Graphics	Skit	Skit	2025-07-29T03:10:49.976062	kaatje
Chinese_Cooking_Demystified_9cetNeh1gzM	Stir fried Celery with Shrimp and Lily Bulb - a Cantonese Banquet Recipe (西芹百合炒虾仁)	https://www.youtube.com/watch?v=9cetNeh1gzM	Cooking	Demonstrations	Talking Head - Center	Talking Head	Cooking	Demonstrations	Talking Head - Center	Talking Head	2025-07-29T03:11:31.233756	kaatje
NYT_Podcasts_TPImV58IN9I	The Campaign for the Midwest, and Antiracism Demonstrations in the U.K.	https://www.youtube.com/watch?v=TPImV58IN9I	Interviews	Interviews			Static Screen	Others	Unedited Footage	Others	2025-07-29T03:12:18.955581	kaatje
Study_Hall_fW10r2TxqOc	What are we doing about climate change? | Sustainability 10 of 31 | Study Hall	https://www.youtube.com/watch?v=fW10r2TxqOc	Cutout	Animations			Talking Head - Center	Talking Head	Documentary Style	Documentaries	2025-07-29T03:13:03.917491	kaatje
Jeff_Su_V_L2aWCdO4A	5 Informational Interview Mistakes to Avoid!	https://www.youtube.com/watch?v=V_L2aWCdO4A	Talking Head - Center	Talking Head	Infographics	Graphics	Talking Head - Center	Talking Head	Animated Graphics	Graphics	2025-07-29T04:11:21.811451	kaatje
eHowEducation_lzwfyXoQ1PM	How to Organize Coordinate Proofs in Geometry : Math Skills	https://www.youtube.com/watch?v=lzwfyXoQ1PM	Glassboard	Writing Board	Talking Head - Center	Talking Head	Talking Head - Center	Talking Head	Talking Head - Corner	Talking Head	2025-07-29T04:12:00.547936	kaatje
Fox_US_News_0fSV8mVyGmU	Eyewitness reveals what he saw in explosion at New York-Canada border	https://www.youtube.com/watch?v=0fSV8mVyGmU	Interviews	Interviews	Talking Head - Corner	Talking Head	Talking Head - Center	Talking Head	Interviews	Interviews	2025-07-29T04:12:53.568292	kaatje
Kurzgesagt_8HslUzw35mc	Homeopathy Explained – Gentle Healing or Reckless Fraud?	https://www.youtube.com/watch?v=8HslUzw35mc	Animated Graphics	Graphics	Cartoon	Animations	Infographics	Graphics	Animated Graphics	Graphics	2025-07-29T04:13:27.729075	kaatje
Khan_Academy_jFd-6EPfnec	Greatest common factor explained | Factors and multiples | Pre-Algebra | Khan Academy	https://www.youtube.com/watch?v=jFd-6EPfnec	Chalkboard	Writing Board	Writing Cursor	Writing Cursor	Writing Cursor	Writing Cursor	Infographics	Graphics	2025-07-29T04:13:57.208172	kaatje
James_Corden_46K8zIfIQj8	Kerry Washington Channeled Beyoncé for Her New Character	https://www.youtube.com/watch?v=46K8zIfIQj8	Interviews	Interviews	Talkshows	Interviews	Talking Head - Center	Talking Head	Talkshows	Interviews	2025-07-29T04:14:17.132282	kaatje
RottenTomatoes_rLa3fX7rIiM	The Batman (2022) - Alfred Blows Up Scene (4/10) | Movieclips	https://www.youtube.com/watch?v=rLa3fX7rIiM	Unedited Footage	Others	Surveillance Cam	Others	Documentary Style	Documentaries	Unedited Footage	Others	2025-07-29T04:14:39.927275	kaatje
Deep_Dive_Ali_Abdaal_S3STQAOYKNM	If You Want To Be Happier, Watch This.	https://www.youtube.com/watch?v=S3STQAOYKNM	Interviews	Interviews	Podcast	Interviews	Panel - Virtual	Panel	Podcast	Interviews	2025-07-29T04:15:36.404705	kaatje
Khan_Academy_gHTH6PKfpMc	Level 4 division | Multiplication and division | Arithmetic | Khan Academy	https://www.youtube.com/watch?v=gHTH6PKfpMc	Chalkboard	Writing Board	Writing Cursor	Writing Cursor	Writing Cursor	Writing Cursor	Animated Graphics	Graphics	2025-07-29T04:16:28.888456	kaatje
Allure_acreItF_FwI	Demi Lovato Revisits Beauty Looks From Their Past	https://www.youtube.com/watch?v=acreItF_FwI	Interviews	Interviews	Podcast	Interviews	Talking Head - Center	Talking Head	Documentary Style	Documentaries	2025-07-29T04:16:47.112064	kaatje
Netflix_gknt09SYXm0	Making Midnight Mass | Netflix	https://www.youtube.com/watch?v=gknt09SYXm0	Unedited Footage	Others	Surveillance Cam	Others	Documentary Style	Documentaries	Talking Head - Center	Talking Head	2025-07-29T04:17:10.564129	kaatje
Fireship_yvGY5vkONds	The most disastrous app launch of all time…	https://www.youtube.com/watch?v=yvGY5vkONds	Animated Graphics	Graphics	Documentary Style	Documentaries	Talking Head - Center	Talking Head	Animated Graphics	Graphics	2025-07-29T04:17:57.947812	kaatje
Steve_Kaufmann_qntIW8h-Vro	We’ll Never Be Perfect	https://www.youtube.com/watch?v=qntIW8h-Vro	Talking Head - Center	Talking Head	Podcast	Interviews	Talking Head - Center	Talking Head	Infographics	Graphics	2025-07-29T04:18:31.853874	kaatje
REDEFINED_TV_fwYVI_2Odh4	I Don't Want To Start Over	https://www.youtube.com/watch?v=fwYVI_2Odh4	Interviews	Interviews	Talkshows	Interviews	Talking Head - Center	Talking Head	Talkshows	Interviews	2025-07-29T04:19:07.735177	kaatje
minutephysics_VVAKFJ8VVp4	Why are Stars Star-Shaped?	https://www.youtube.com/watch?v=VVAKFJ8VVp4	Comic Panel Style	Animations	Infographics	Graphics	Animated Graphics	Graphics	Infographics	Graphics	2025-07-29T04:19:49.168525	kaatje
Steve_Kaufmann_3TWI8xl455E	Studying English? Don't Study Modal Verbs	https://www.youtube.com/watch?v=3TWI8xl455E	Talkshows	Interviews	Podcast	Interviews	Talking Head - Center	Talking Head	Animated Graphics	Graphics	2025-07-29T04:20:28.968672	kaatje
Khan_Academy_JUouea9XoF8	Integrating sums of functions | Accumulation and Riemann sums | AP Calculus AB | Khan Academy	https://www.youtube.com/watch?v=JUouea9XoF8	Chalkboard	Writing Board	Writing Cursor	Writing Cursor	Writing Cursor	Writing Cursor	Animated Graphics	Graphics	2025-07-29T04:20:57.328100	kaatje
BuzzFeed_Celeb_3EAesv-PzpI	Jeff Goldblum Reads Hilarious Thirst Tweets	https://www.youtube.com/watch?v=3EAesv-PzpI	Interviews	Interviews	Talkshows	Interviews	Talking Head - Center	Talking Head	Slidedecks	Slidedecks	2025-07-29T04:21:30.315046	kaatje
Fox_US_News_2YO6egqpXI4	Migrants fed up with Chicago head home	https://www.youtube.com/watch?v=2YO6egqpXI4	Interviews	Interviews	Talking Head - Corner	Talking Head	Documentary Style	Documentaries	Talking Head - Center	Talking Head	2025-07-29T04:21:59.071430	kaatje
Socratica_ERZ4pO4yPRk	Text Preprocessing « NLP « Machine Learning – Mathematica Essentials	https://www.youtube.com/watch?v=ERZ4pO4yPRk	Screencasts	Screencasts	Infographics	Graphics	Slidedecks	Slidedecks	Writing Cursor	Writing Cursor	2025-07-29T04:22:57.810845	kaatje
James_Corden_rMOWeg-Dm04	It's a Big Night for Middle Names	https://www.youtube.com/watch?v=rMOWeg-Dm04	Interviews	Interviews	Talkshows	Interviews	Talking Head - Center	Talking Head	Skit	Skit	2025-07-29T04:23:36.910168	kaatje
RottenTomatoes_omFpUjAzM9M	Driving Miss Daisy (8/9) Movie CLIP - You're My Best Friend (1989) HD	https://www.youtube.com/watch?v=omFpUjAzM9M	Unedited Footage	Others	Surveillance Cam	Others	Interviews	Interviews	Talking Head - Center	Talking Head	2025-07-29T04:23:57.873859	kaatje
RottenTomatoes_DDClFYXZmtM	The Quiet Ones (6/10) Movie CLIP - The Torments of Men (2013) HD	https://www.youtube.com/watch?v=DDClFYXZmtM	Interviews	Interviews	Surveillance Cam	Others	Talking Head - Center	Talking Head	Documentary Style	Documentaries	2025-07-29T04:24:30.290622	kaatje
edureka_vxE0IV5Gmlk	OpenAI o3-mini Model: The Master Move in Cost-Effective STEM AI | Edureka	https://www.youtube.com/watch?v=vxE0IV5Gmlk	Infographics	Graphics	Screencasts	Screencasts	Infographics	Graphics	Slidedecks	Slidedecks	2025-07-29T04:25:24.770479	kaatje
Steve_Kaufmann_dkMWQ2MMmMQ	Morning Routine for Language Learning	https://www.youtube.com/watch?v=dkMWQ2MMmMQ	Podcast	Interviews	Point of View	Vlog	Talking Head - Center	Talking Head	Point of View	Vlog	2025-07-29T04:26:13.889295	kaatje
RottenTomatoes__Fw6TuACCKY	Midnight Clear (6/11) Movie CLIP - Taking Care of Someone (2006) HD	https://www.youtube.com/watch?v=_Fw6TuACCKY	Unedited Footage	Others	Surveillance Cam	Others	Talkshows	Interviews	Experiments	Demonstrations	2025-07-29T04:27:14.713569	kaatje
jacksepticeye_5qWFgvMQnis	Robert Downey Jr. was in my house	https://www.youtube.com/watch?v=5qWFgvMQnis	Point of View	Vlog	Vlog	Vlog	Talking Head - Center	Talking Head	Vlog	Vlog	2025-07-29T04:27:42.734190	kaatje
Facts_TnTvJB7gtWU	Irish People Taste Test Weird American M&Ms	https://www.youtube.com/watch?v=TnTvJB7gtWU	Interviews	Interviews	Talkshows	Interviews	Talking Head - Center	Talking Head	Talkshows	Interviews	2025-07-29T04:28:16.414877	kaatje
Unbox_Therapy_aubTgsFC4Fo	The Wireless Mouse That NEVER Needs To Be Charged!!	https://www.youtube.com/watch?v=aubTgsFC4Fo	Talking Head - Center	Talking Head	Unedited Footage	Others	Vlog	Vlog	Screencasts	Screencasts	2025-07-29T04:29:12.615095	kaatje
Khan_Academy_AnATlMVA12E	Futures and forward curves | Finance & Capital Markets | Khan Academy	https://www.youtube.com/watch?v=AnATlMVA12E	Chalkboard	Writing Board	Writing Cursor	Writing Cursor	Writing Cursor	Writing Cursor	Animated Graphics	Graphics	2025-07-29T04:29:40.417213	kaatje
Sprouts_geeoy3BMmE0	Project-Based Learning: How It Works and Why It’s So Effective	https://www.youtube.com/watch?v=geeoy3BMmE0	Cartoon	Animations	Animated Graphics	Graphics	Infographics	Graphics	Animated Graphics	Graphics	2025-07-29T04:30:11.238136	kaatje
RottenTomatoes_gK9-i9Y6LQM	The Creed Legacy: Ultimate Franchise Mashup | Movieclips	https://www.youtube.com/watch?v=gK9-i9Y6LQM	Unedited Footage	Others	Documentary Style	Documentaries	Documentary Style	Documentaries	Interviews	Interviews	2025-07-29T04:30:34.919796	kaatje
RottenTomatoes_Wo3XrThPZzo	Belly (8/11) Movie CLIP - Shameek Kills Big Head Rico (1998) HD	https://www.youtube.com/watch?v=Wo3XrThPZzo	Unedited Footage	Others	Surveillance Cam	Others	Dance	Others	Stage Talks	Stage Talks	2025-07-29T04:31:47.599915	kaatje
BBC_World_Service_VT81HjA6Yac	Ming-Na Wen on navigating Hollywood as an Asian American - 100 Women, BBC World Service	https://www.youtube.com/watch?v=VT81HjA6Yac	Talkshows	Interviews	Interviews	Interviews	Talking Head - Center	Talking Head	Documentary Style	Documentaries	2025-07-29T04:32:19.315158	kaatje
David_Taylor_JuBAh6HqCxI	How to Cite Sources in APA: 15 Tips You Can Use Right Now	https://www.youtube.com/watch?v=JuBAh6HqCxI	Experiments	Demonstrations	Slidedecks	Slidedecks	Slidedecks	Slidedecks	Slidedecks	Slidedecks	2025-07-29T04:33:05.796365	kaatje
PewDiePie_n9pmRI5XYh8	DUCK GAMES.	https://www.youtube.com/watch?v=n9pmRI5XYh8	Cartoon	Animations	Talkshows	Interviews	Games	Gaming	Talking Head - Corner	Talking Head	2025-07-29T04:33:59.498033	kaatje
