title	url	duration	Video	content1	content_map1	content_map_hierarchy1	content_map_hierarchy_upper1	format1	format_map1	format_map_hierarchy1	content2	content_map2	content_map_hierarchy2	content_map_hierarchy_upper2	format2	format_map2	format_map_hierarchy2	channel
15 futuristic databases you‚Äôve never heard of	https://www.youtube.com/watch?v=jb2AvF8XzII	522.0	Fireship_jb2AvF8XzII	edu.stem.engineering.computerscience	Computer Science	Computer & Data Science	Education	screencast	Screencast	Screencast	skills.digital.coding	Tech Tutorials	Tech & Creative Tutorials	How-To & Tutorials	animated.info	Infographics	Infographics/Slidedeck	Fireship
Vocabulary	https://www.youtube.com/watch?v=O_5HCGJheKs	402.0	Steve_Kaufmann_O_5HCGJheKs	language.internationallanguage	Languages	Languages	Education	talkinghead.frameregular	Talking Head - Center	Single Presenter	edu.education.pedagogy.teachingprinciples	Teaching	Teacher Training	Education	talkinghead.framecorner	Talking Head - Corner	Single Presenter	Steve_Kaufmann
The BEST Supplements To Build More Muscle - Dr. Mike Israetel	https://www.youtube.com/watch?v=nUZeu2VwHZI	681.0	Max_Lugavere_nUZeu2VwHZI	wellbeing.fitness	Fitness	Fitness & Nutrition	Lifestyle & Wellbeing	conversation.podcast	Conversations	Simultaneous Presenters	wellbeing.nutrition	Nutrition	Fitness & Nutrition	Lifestyle & Wellbeing	conversation.formal	Conversations	Simultaneous Presenters	Max_Lugavere
Meet Kathy McArthur, One of Georgia‚Äôs Top 10 Lawyers	https://www.youtube.com/watch?v=vGYvktIwPMY	635.0	AskTheLawyers_vGYvktIwPMY	edu.social.law	Law	Social Sciences	Education	talkinghead.frameregular	Talking Head - Center	Single Presenter	entertainment.variety.talkshow	Stories/Anecdotes/Celebrity Content	Quizzes, Celebrities & Late Night	Entertainment	paneldiscussion.virtual	Panel Discussion - Virtual	Simultaneous Presenters	AskTheLawyers
Biden pseudonym emails were to obscure 'illicit behavior,' says Gregg Jarrett	https://www.youtube.com/watch?v=bpto8U2sAmk	387.0	Fox_US_News_bpto8U2sAmk	news.politics	News	News	News/Commentary	paneldiscussion.virtual	Panel Discussion - Virtual	Simultaneous Presenters	news.domestic	News	News	News/Commentary	talkinghead.frameregular	Talking Head - Center	Single Presenter	Fox_US_News
What makes a good therapist? | Kati Morton	https://www.youtube.com/watch?v=H6WaMQ7q0EE	266.0	Kati_Morton_H6WaMQ7q0EE	wellbeing.mentalhealth	Mental Health	Mental Health	Lifestyle & Wellbeing	talkinghead.frameregular	Talking Head - Center	Single Presenter	edu.social.psychology	Psychology	Social Sciences	Education	vlog	Selfie Camera (Vlog)	Video Journal (Vlogs)	Kati_Morton
Never Have I Ever Cast Answer the Web's Most Searched Questions | WIRED	https://www.youtube.com/watch?v=dommHUPW6is	786.0	WIRED_dommHUPW6is	entertainment.variety.celebritycontent	Stories/Anecdotes/Celebrity Content	Quizzes, Celebrities & Late Night	Entertainment	paneldiscussion.virtual	Panel Discussion - Virtual	Simultaneous Presenters	entertainment.variety.talkshow	Stories/Anecdotes/Celebrity Content	Quizzes, Celebrities & Late Night	Entertainment	talkinghead.frameregular	Talking Head - Center	Single Presenter	WIRED
Blonde Dragon People - SNL	https://www.youtube.com/watch?v=L9wzXC8Pbq8	363.0	Saturday_Night_Live_L9wzXC8Pbq8	entertainment.comedy.parody	Comedy	Comedy	Entertainment	skit	Skit/Parody/Sketch/Short Film	Staged Performance	entertainment.comedy.sketch	Comedy	Comedy	Entertainment	docustyle	Documentary	Documentary Style (Mixed Format)	Saturday_Night_Live
Creating language learning schedules | Tips from Mari Polyglot	https://www.youtube.com/watch?v=pe56RCc0iAk	801.0	Lindie_Botes_pe56RCc0iAk	language.internationallanguage	Languages	Languages	Education	paneldiscussion.virtual	Panel Discussion - Virtual	Simultaneous Presenters	edu.education.pedagogy.teachingprinciples	Teaching	Teacher Training	Education	conversation.formal	Conversations	Simultaneous Presenters	Lindie_Botes
01 - Introduction to Java And How To Use This Course	https://www.youtube.com/watch?v=Ypoad4wtJ7A	305.0	Math_and_Science_Ypoad4wtJ7A	skills.digital.coding	Tech Tutorials	Tech & Creative Tutorials	How-To & Tutorials	slides	Slidedeck	Infographics/Slidedeck	edu.stem.engineering.computerscience	Computer Science	Computer & Data Science	Education	animation.powerpoint	Slidedeck	Infographics/Slidedeck	Math_and_Science
Hackers freeze slot machines at MGM casinos	https://www.youtube.com/watch?v=wcpPWWQsnl0	503.0	CNN_US_News_wcpPWWQsnl0	news.domestic	News	News	News/Commentary	paneldiscussion.inperson	Panel Discussion - In Person	Simultaneous Presenters	news.business	News	News	News/Commentary	talkinghead.frameregular	Talking Head - Center	Single Presenter	CNN_US_News
John Dewey‚Äôs 4 Principles of Education	https://www.youtube.com/watch?v=y3fm6wNzK70	329.0	Sprouts_y3fm6wNzK70	edu.education.pedagogy.teachingprinciples	Teaching	Teacher Training	Education	animated.comic	Comic Book Style	Animations	edu.social.politics	Political Science	Social Sciences	Education	animated.graphics	Motion Graphics	Animations	Sprouts
Spy Kids 4 (2/11) Movie CLIP - Blue Cheese Dressing Bomb (2011) HD	https://www.youtube.com/watch?v=GvRD2YqBi74	218.0	RottenTomatoes_GvRD2YqBi74	entertainment.movies.clips	Movies, Theatre & Drama	Movies, TV & Drama	Entertainment	skit	Skit/Parody/Sketch/Short Film	Staged Performance	edu.arts.architecture	Architecture	Architecture	Education	conversation.casual	Conversations	Simultaneous Presenters	RottenTomatoes
Complex Humanitarian Emergencies | Essentials of Global Health with Richard Skolnik	https://www.youtube.com/watch?v=F3PM8NddDvk	873.0	YaleCourses_F3PM8NddDvk	edu.medicine.publichealth	Public Health	Medical Sciences	Education	talkinghead.frameregular	Talking Head - Center	Single Presenter	news.health	News	News	News/Commentary	classroom	Classroom Lecture	Instructional	YaleCourses
Medieval Forts Restored as Spectacular Hunza Valley Builds Its Future | National Geographic	https://www.youtube.com/watch?v=0xgHU4hOZgI	268.0	National_Geographic_0xgHU4hOZgI	entertainment.sports.adventure	Sports & Adventure	Sports & Adventure	Entertainment	docustyle	Documentary	Documentary Style (Mixed Format)	growth.careerdevelopment	Personal Development	Personal Development	Lifestyle & Wellbeing	talkinghead.frameregular	Talking Head - Center	Single Presenter	National_Geographic
A Flight Attendant's Entire Routine, From Waking Up to Layovers | Work It | Allure	https://www.youtube.com/watch?v=N6MX6m9lDbg	811.0	Allure_N6MX6m9lDbg	lifestyle.style.beauty	Beauty & Fashion	Beauty & Fashion	Lifestyle & Wellbeing	vlog	Selfie Camera (Vlog)	Video Journal (Vlogs)	entertainment.reality.living	Lifestyle	Lifestyle	Lifestyle & Wellbeing	docustyle	Documentary	Documentary Style (Mixed Format)	Allure
Modern Longhouse Design - An Architect's Design Process part 2 of 2	https://www.youtube.com/watch?v=zvUHrE4jBHk	408.0	30X40_Design_Workshop_zvUHrE4jBHk	edu.arts.architecture	Architecture	Architecture	Education	writing.hand	Writing Hand (No head visible)	Instructional	edu.arts.languages	Languages	Languages	Education	talkinghead.framecorner	Talking Head - Corner	Single Presenter	30X40_Design_Workshop
David Brooks: Maybe Bernie Sanders Is Right	https://www.youtube.com/watch?v=Fh1mh6ppAdc	654.0	NYT_Podcasts_Fh1mh6ppAdc	edu.social.politics	Political Science	Social Sciences	Education	placeholderdisplay	Static Screen / No video	Static Screen / No video	edu.social.sociology	Social Sciences	Social Sciences	Education	talkinghead.framecorner	Talking Head - Corner	Single Presenter	NYT_Podcasts
The Secret Code of Silent Millionaires	https://www.youtube.com/watch?v=_D05clJr_lg	563.0	Practical_Wisdom_Interesting_Ideas__D05clJr_lg	skills.financial.personalfinance	Finance Tutorials	Finance Tutorials	How-To & Tutorials	docustyle	Documentary	Documentary Style (Mixed Format)	edu.business.finance	Finance	Business & Economics	Education	animated.info	Infographics	Infographics/Slidedeck	Practical_Wisdom_Interesting_Ideas
WRTG394 - Week 5 Overview	https://www.youtube.com/watch?v=W65vkwccZkE	747.0	David_Taylor_W65vkwccZkE	edu.business.management	Business	Business & Economics	Education	talkinghead.framecorner	Talking Head - Corner	Single Presenter	language.teachinglanguage	Languages	Languages	Education	screencast	Screencast	Screencast	David_Taylor
"What is Synthetic Data? No, It's Not ""Fake"" Data"	https://www.youtube.com/watch?v=HIusawrGBN4	409.0	IBM_Technology_HIusawrGBN4	edu.stem.engineering.datascience	Data Science	Computer & Data Science	Education	board.lightboard	Glassboard	Instructional	edu.stem.engineering.computerscience	Computer Science	Computer & Data Science	Education	animated.graphics	Motion Graphics	Animations	IBM_Technology
Gordon Ramsay's Christmas Main Dinners | Part Two	https://www.youtube.com/watch?v=0NZvqCwKXJE	867.0	Gordon_Ramsay_0NZvqCwKXJE	skills.culinary.cooking	Food	Food & Cooking	Entertainment	practicaldemonstration.cooking	Cooking	Cooking	lifestyle.food	Food	Food & Cooking	Entertainment	talkinghead.frameregular	Talking Head - Center	Single Presenter	Gordon_Ramsay
Paranormal Activity: Next of Kin (2021) - Ripped Apart Scene | Movieclips	https://www.youtube.com/watch?v=F2m8oWwxvio	187.0	RottenTomatoes_F2m8oWwxvio	entertainment.movies.clips	Movies, Theatre & Drama	Movies, TV & Drama	Entertainment	pov.realworld	Point of View Camera (Vlog)	Video Journal (Vlogs)	edu.arts.architecture	Architecture	Architecture	Education	rawfootage	Raw Footage	Raw Footage	RottenTomatoes
Mimo App Review (Worth It To Learn Coding In 2024?)	https://www.youtube.com/watch?v=9QGq8xEya_Y	345.0	Lois_Talagrand_9QGq8xEya_Y	skills.digital.coding	Tech Tutorials	Tech & Creative Tutorials	How-To & Tutorials	talkinghead.framecorner	Talking Head - Corner	Single Presenter	edu.stem.engineering.computerscience	Computer Science	Computer & Data Science	Education	screencast	Screencast	Screencast	Lois_Talagrand
Cosmological time scale 1 | Scale of the universe | Cosmology & Astronomy | Khan Academy	https://www.youtube.com/watch?v=DRtLXagrMHw	427.0	Khan_Academy_DRtLXagrMHw	edu.stem.astronomy	Physics/Astronomy	Physical Sciences	Education	animated.graphics	Motion Graphics	Animations	edu.social.history	History	Social Sciences	Education	animated.info	Infographics	Infographics/Slidedeck	Khan_Academy
Introduction to Islam  | World History | Khan Academy	https://www.youtube.com/watch?v=Gg6ju-lHCwU	531.0	Khan_Academy_Gg6ju-lHCwU	edu.humanities.religion	Religion	Humanities	Education	writing.stylus	Digital Writing (use of a cursor)	Instructional	religious.guidelines	Religion & Spirituality	Religion & Spirituality	Religion & Spirituality	animated.info	Infographics	Infographics/Slidedeck	Khan_Academy
Colonial Times for Kids | Learn about the colonial America	https://www.youtube.com/watch?v=4f3LsMKzxdg	591.0	Learn_Bright_4f3LsMKzxdg	edu.social.history	History	Social Sciences	Education	docustyle	Documentary	Documentary Style (Mixed Format)	news.politics	News	News	News/Commentary	animation.powerpoint	Slidedeck	Infographics/Slidedeck	Learn_Bright
Which Seafood Is Better for the Environment: Farmed or Wild Caught?	https://www.youtube.com/watch?v=zn6AD3khu1U	603.0	SciShow_zn6AD3khu1U	edu.stem.environment	Environmental Sciences	Environmental Sciences	Education	talkinghead.frameregular	Talking Head - Center	Single Presenter	edu.stem.biology.marinebiology	Biology	Life Sciences	Education	animated.info	Infographics	Infographics/Slidedeck	SciShow
Heidi Klum & Tim Gunn Talk Moving on From 'Project Runway' to New Fashion Show 'Making the Cut'	https://www.youtube.com/watch?v=stEzdW2v18A	245.0	Variety_stEzdW2v18A	lifestyle.style.fashion	Beauty & Fashion	Beauty & Fashion	Lifestyle & Wellbeing	conversation.formal	Conversations	Simultaneous Presenters	entertainment.variety.talkshow	Stories/Anecdotes/Celebrity Content	Quizzes, Celebrities & Late Night	Entertainment	docustyle	Documentary	Documentary Style (Mixed Format)	Variety
5 Powerful Principles of Leadership and Motherhood | Mandy Purwa Hartono | TEDxYouth@SWA	https://www.youtube.com/watch?v=IPUrwY6bVTo	642.0	TEDx_IPUrwY6bVTo	growth.careerdevelopment	Personal Development	Personal Development	Lifestyle & Wellbeing	persononstage	Person on stage	Single Presenter	edu.business.management	Business	Business & Economics	Education	slides	Slidedeck	Infographics/Slidedeck	TEDx
What Are The Best Foods & Nutrients To Eat When Pregnant? - WeNatal	https://www.youtube.com/watch?v=-cLDsyJ5HZg	464.0	Max_Lugavere_-cLDsyJ5HZg	wellbeing.nutrition	Nutrition	Fitness & Nutrition	Lifestyle & Wellbeing	conversation.podcast	Conversations	Simultaneous Presenters	news.health	News	News	News/Commentary	conversation.formal	Conversations	Simultaneous Presenters	Max_Lugavere
Quarter as Interesting: The Topics That Weren't Good Enough	https://www.youtube.com/watch?v=4z1-KJbH7Sk	398.0	halfasinteresting_4z1-KJbH7Sk	misc.productreview	Product Reviews	Product Reviews	Reviews	screencast	Screencast	Screencast	edu.stem.engineering.electrical	Engineering	Engineering	Education	animated.graphics	Motion Graphics	Animations	halfasinteresting
A Beginner's Guide to Investing in the S&P-500 In 2024	https://www.youtube.com/watch?v=YK1IN1cOXE8	499.0	Practical_Wisdom_Interesting_Ideas_YK1IN1cOXE8	edu.business.finance	Finance	Business & Economics	Education	animated.graphics	Motion Graphics	Animations	skills.financial.personalfinance	Finance Tutorials	Finance Tutorials	How-To & Tutorials	animated.info	Infographics	Infographics/Slidedeck	Practical_Wisdom_Interesting_Ideas
Lecture 5.2: Building with DNA  ‚Äî Compatible Ends	https://www.youtube.com/watch?v=dhMAf7qhVLY	880.0	MIT_OpenCourseWare_dhMAf7qhVLY	edu.stem.biology.molecularbiology	Biology	Life Sciences	Education	board.chalkboard	Chalkboard	Instructional	edu.stem.biology.genetics	Biology	Life Sciences	Education	talkinghead.frameregular	Talking Head - Center	Single Presenter	MIT_OpenCourseWare
The Dark Forest Theory: We Found A Solution To The Fermi Paradox!	https://www.youtube.com/watch?v=huJutEZ_hOg	663.0	Insane_Curiosity_huJutEZ_hOg	edu.stem.astronomy	Physics/Astronomy	Physical Sciences	Education	animated.graphics	Motion Graphics	Animations	edu.humanities.philosophy	Philosophy	Humanities	Education	animated.info	Infographics	Infographics/Slidedeck	Insane_Curiosity
Far right spreads conspiracy theory involving Taylor Swift and NFL	https://www.youtube.com/watch?v=tlwdslSEdZc	462.0	CNN_US_News_tlwdslSEdZc	misc.conspiracy	Conspiracy	Conspiracy	Entertainment	paneldiscussion.virtual	Panel Discussion - Virtual	Simultaneous Presenters	news.politics	News	News	News/Commentary	talkinghead.framecorner	Talking Head - Corner	Single Presenter	CNN_US_News
Brilliant Lawyer - SNL	https://www.youtube.com/watch?v=cX07XWVoJQ0	318.0	Saturday_Night_Live_cX07XWVoJQ0	entertainment.comedy.sketch	Comedy	Comedy	Entertainment	skit	Skit/Parody/Sketch/Short Film	Staged Performance	edu.social.law	Law	Social Sciences	Education	talkinghead.frameregular	Talking Head - Center	Single Presenter	Saturday_Night_Live
Using algebra to find measures of angles formed from transversal | Geometry | Khan Academy	https://www.youtube.com/watch?v=Ld7Vxb5XV6A	281.0	Khan_Academy_Ld7Vxb5XV6A	edu.stem.math.geometry	Mathematics	Mathematics	Education	writing.stylus	Digital Writing (use of a cursor)	Instructional	edu.stem.math.algebra	Mathematics	Mathematics	Education	animated.graphics	Motion Graphics	Animations	Khan_Academy
Societal Expectations and Inner Desires: The Complex Dynamics of Motivation	https://www.youtube.com/watch?v=HLiasZwWTjA	351.0	Sprouts_HLiasZwWTjA	edu.social.psychology	Psychology	Social Sciences	Education	animated.comic	Comic Book Style	Animations	growth.motivational	Personal Development	Personal Development	Lifestyle & Wellbeing	animated.graphics	Motion Graphics	Animations	Sprouts
Public Speaking: 12 Rules for The Perfect Speech	https://www.youtube.com/watch?v=a2278dNH5v8	421.0	Sprouts_a2278dNH5v8	growth.careerdevelopment	Personal Development	Personal Development	Lifestyle & Wellbeing	animated.comic	Comic Book Style	Animations	growth.motivational	Personal Development	Personal Development	Lifestyle & Wellbeing	animated.graphics	Motion Graphics	Animations	Sprouts
The Largest Planetary System that Could Exist	https://www.youtube.com/watch?v=kDHouMEXHQg	552.0	Astrum_kDHouMEXHQg	edu.stem.astronomy	Physics/Astronomy	Physical Sciences	Education	animated.info	Infographics	Infographics/Slidedeck	edu.arts.architecture	Architecture	Architecture	Education	animated.graphics	Motion Graphics	Animations	Astrum
01 - Learn to Add Fractions With Like Denominators (5th Grade Math)	https://www.youtube.com/watch?v=RElSiuX4rZk	664.0	Math_and_Science_RElSiuX4rZk	edu.stem.math.algebra	Mathematics	Mathematics	Education	board.whiteboard	Whiteboard	Instructional	edu.stem.math.arithmetic	Mathematics	Mathematics	Education	talkinghead.frameregular	Talking Head - Center	Single Presenter	Math_and_Science
BIGFOOT CAUGHT: Musical Edition! (FGTEEV Finding Bigfoot Mobile Fake)	https://www.youtube.com/watch?v=r6C7iWKb1eo	707.0	FGTeeV_r6C7iWKb1eo	gaming.gameplay	Gaming	Gaming	Entertainment	talkinghead.framecorner	Talking Head - Corner	Single Presenter	entertainment.music	Music (Entertainment)	Music & Performance	Entertainment	gaming	Gaming	Gaming	FGTeeV
Don't forget the old fashioned macarons: 3 ingredients ready in 20 minutes	https://www.youtube.com/watch?v=vKacPWYvR1g	527.0	French_Cooking_Academy_vKacPWYvR1g	skills.culinary.baking	Food	Food & Cooking	Entertainment	practicaldemonstration.cooking	Cooking	Cooking	lifestyle.food	Food	Food & Cooking	Entertainment	talkinghead.frameregular	Talking Head - Center	Single Presenter	French_Cooking_Academy
A Road to Peace | Shunichi Karube | TEDxSuginami	https://www.youtube.com/watch?v=4SDI3D2DPoA	495.0	TEDx_4SDI3D2DPoA	edu.humanities.ethics	Philosophy	Humanities	Education	talkinghead.frameregular	Talking Head - Center	Single Presenter	edu.social.history	History	Social Sciences	Education	persononstage	Person on stage	Single Presenter	TEDx
LED Edge Lit Table- HOW TO	https://www.youtube.com/watch?v=SaG-NQ64540	256.0	Mark_Rober_SaG-NQ64540	skills.diy.homeimprovement	DIY & Crafts	DIY & Crafts	How-To & Tutorials	practicaldemonstration.engineering	Physical Demo	Physical Demo	lifestyle.home	Home & Garden	Home & Garden	Lifestyle & Wellbeing	talkinghead.frameregular	Talking Head - Center	Single Presenter	Mark_Rober
How Unused Gift Cards Power Delaware‚Äôs Economy	https://www.youtube.com/watch?v=Gh7b2SSYrro	779.0	PolyMatter_Gh7b2SSYrro	edu.business.economics	Economics	Business & Economics	Education	animated.info	Infographics	Infographics/Slidedeck	edu.social.law	Law	Social Sciences	Education	docustyle	Documentary	Documentary Style (Mixed Format)	PolyMatter
Teacher Moderation Guided Reading/Guided Writing Pt1 of 2	https://www.youtube.com/watch?v=MD_zW0Rd3HU	406.0	Knatim_MD_zW0Rd3HU	edu.education.pedagogy.teachingprinciples	Teaching	Teacher Training	Education	classroom	Classroom Lecture	Instructional	edu.arts.writing	Arts	Arts & Literature	Education	conversation.casual	Conversations	Simultaneous Presenters	Knatim
Pitch Your Business	https://www.youtube.com/watch?v=38v6cDzxpUg	360.0	Sprouts_38v6cDzxpUg	edu.business.entrepreneurship	Business	Business & Economics	Education	animated.comic	Comic Book Style	Animations	edu.business.marketing	Business	Business & Economics	Education	animated.graphics	Motion Graphics	Animations	Sprouts
Climbing Angel Falls, the Beauty and the Danger | One Strange Rock	https://www.youtube.com/watch?v=C_s-MNZAVjs	189.0	National_Geographic_C_s-MNZAVjs	entertainment.sports.adventure	Sports & Adventure	Sports & Adventure	Entertainment	docustyle	Documentary	Documentary Style (Mixed Format)	entertainment.sports.extremes	Sports & Adventure	Sports & Adventure	Entertainment	pov.realworld	Point of View Camera (Vlog)	Video Journal (Vlogs)	National_Geographic
GitOps on Multicloud Explained	https://www.youtube.com/watch?v=tQtni2st3xo	327.0	IBM_Technology_tQtni2st3xo	edu.stem.engineering.computerscience	Computer Science	Computer & Data Science	Education	board.lightboard	Glassboard	Instructional	edu.business.management	Business	Business & Economics	Education	animated.graphics	Motion Graphics	Animations	IBM_Technology
OKC Thunder winning Game 7 was a ‚ÄòCOMING-OF-AGE‚Äô moment - Alan Hahn | Get Up	https://www.youtube.com/watch?v=7Mrd-eaTl0s	731.0	ESPN_7Mrd-eaTl0s	news.sports	Sports & Adventure	Sports & Adventure	Entertainment	paneldiscussion.inperson	Panel Discussion - In Person	Simultaneous Presenters	entertainment.sports.team	Sports & Adventure	Sports & Adventure	Entertainment	conversation.formal	Conversations	Simultaneous Presenters	ESPN
Penn Badgley Reads Classic Literature as Joe From 'You'	https://www.youtube.com/watch?v=B7HXnSGnisE	435.0	Variety_B7HXnSGnisE	edu.arts.acting	Arts	Arts & Literature	Education	talkinghead.frameregular	Talking Head - Center	Single Presenter	entertainment.variety.talkshow	Stories/Anecdotes/Celebrity Content	Quizzes, Celebrities & Late Night	Entertainment	docustyle	Documentary	Documentary Style (Mixed Format)	Variety
Engaging Students   in Mathematics Group03_Sharing_2011-10-19.mov	https://www.youtube.com/watch?v=OPlXPCEUaCY	355.0	Knatim_OPlXPCEUaCY	edu.education.pedagogy.teachingprinciples	Teaching	Teacher Training	Education	classroom	Classroom Lecture	Instructional	edu.stem.math.algebra	Mathematics	Mathematics	Education	board.whiteboard	Whiteboard	Instructional	Knatim
A Day In The Life - Professional YouTuber	https://www.youtube.com/watch?v=6ySK6XGS13M	325.0	Engineering_Explained_6ySK6XGS13M	vlog.daily	Personal Anecdotes	Personal Anecdotes/Vlogs	Entertainment	vlog	Selfie Camera (Vlog)	Video Journal (Vlogs)	edu.stem.engineering.automotive	Engineering	Engineering	Education	talkinghead.frameregular	Talking Head - Center	Single Presenter	Engineering_Explained
How to Naturally Grow a Beard from Nothing	https://www.youtube.com/watch?v=CBPb-1SMB-M	597.0	TopThink_CBPb-1SMB-M	lifestyle.style.beauty	Beauty & Fashion	Beauty & Fashion	Lifestyle & Wellbeing	animated.graphics	Motion Graphics	Animations	growth.motivational	Personal Development	Personal Development	Lifestyle & Wellbeing	writing.stylus	Digital Writing (use of a cursor)	Instructional	TopThink
Travis Walton Remembers Encounter with Aliens	https://www.youtube.com/watch?v=QwfJIFH3WMY	566.0	PowerfulJRE_QwfJIFH3WMY	misc.conspiracy	Conspiracy	Conspiracy	Entertainment	conversation.podcast	Conversations	Simultaneous Presenters	edu.stem.astronomy	Physics/Astronomy	Physical Sciences	Education	conversation.formal	Conversations	Simultaneous Presenters	PowerfulJRE
LearnStorm Growth Mindset: Dave Paunesku on teacher modeling of growth mindset	https://www.youtube.com/watch?v=gLWWXZTSoq4	196.0	Khan_Academy_gLWWXZTSoq4	edu.education.pedagogy.teachingprinciples	Teaching	Teacher Training	Education	talkinghead.frameregular	Talking Head - Center	Single Presenter	growth.motivational	Personal Development	Personal Development	Lifestyle & Wellbeing	conversation.formal	Conversations	Simultaneous Presenters	Khan_Academy
ÎÇ®ÏïÑÍ≥µ ÏáºÌïëÎ™∞ÏùÄ Ïñ¥Îñ§ Î™®ÏäµÏùºÍπå? Shopping in SA Vlog [EngSub]	https://www.youtube.com/watch?v=H-mD5i8tYc4	379.0	Lindie_Botes_H-mD5i8tYc4	language.internationallanguage	Languages	Languages	Education	vlog	Selfie Camera (Vlog)	Video Journal (Vlogs)	vlog.daily	Personal Anecdotes	Personal Anecdotes/Vlogs	Entertainment	talkinghead.frameregular	Talking Head - Center	Single Presenter	Lindie_Botes
Best Dreamweaver Tutorials: Optimize Images for Web Deployment	https://www.youtube.com/watch?v=0Lu8aeYTyug	197.0	David_Taylor_0Lu8aeYTyug	skills.digital.graphicdesign	Design/Editing Tutorials	Tech & Creative Tutorials	How-To & Tutorials	screencast	Screencast	Screencast	news.technology	News	News	News/Commentary	talkinghead.framecorner	Talking Head - Corner	Single Presenter	David_Taylor
How Musicians are Soundtracking this Weird Year	https://www.youtube.com/watch?v=Bwsne4eMVyU	621.0	PBS_Voices_Bwsne4eMVyU	entertainment.music	Music (Entertainment)	Music & Performance	Entertainment	paneldiscussion.virtual	Panel Discussion - Virtual	Simultaneous Presenters	edu.arts.music	Music (Educational)	Arts & Literature	Education	conversation.casual	Conversations	Simultaneous Presenters	PBS_Voices
MINI GOPRO! HERO4 Session: Full Review, Tests, Comparison Footage (WIRED)	https://www.youtube.com/watch?v=xxiCVu_SdDw	365.0	WIRED_xxiCVu_SdDw	misc.productreview	Product Reviews	Product Reviews	Reviews	pov.realworld	Point of View Camera (Vlog)	Video Journal (Vlogs)	entertainment.sports.adventure	Sports & Adventure	Sports & Adventure	Entertainment	screencast	Screencast	Screencast	WIRED
How To Be A Genius	https://www.youtube.com/watch?v=-HL3PPNrUhU	188.0	The_School_of_Life_-HL3PPNrUhU	growth.motivational	Personal Development	Personal Development	Lifestyle & Wellbeing	crafts.cutouts	Paper Cutouts	Animations	edu.humanities.philosophy	Philosophy	Humanities	Education	animated.info	Infographics	Infographics/Slidedeck	The_School_of_Life
What Do Women Actually Want From Men? - World‚Äôs #1 Female Dating Coach Matthew Hussey	https://www.youtube.com/watch?v=efmd7LgrXB0	853.0	Chris_Williamson_efmd7LgrXB0	entertainment.reality.dating	Relationships	Relationships & Dating	Lifestyle & Wellbeing	conversation.podcast	Conversations	Simultaneous Presenters	edu.social.psychology	Psychology	Social Sciences	Education	talkinghead.frameregular	Talking Head - Center	Single Presenter	Chris_Williamson
Unboxing The 8K Action Camera	https://www.youtube.com/watch?v=QptbdEci-m8	551.0	Unbox_Therapy_QptbdEci-m8	misc.unboxing	Product Reviews	Product Reviews	Reviews	pov.realworld	Point of View Camera (Vlog)	Video Journal (Vlogs)	misc.productreview	Product Reviews	Product Reviews	Reviews	talkinghead.frameregular	Talking Head - Center	Single Presenter	Unbox_Therapy
What causes heartburn? - Rusha Modi	https://www.youtube.com/watch?v=jP-9AD0wMOk	295.0	TED_Ed_jP-9AD0wMOk	edu.medicine.gastroenterology	Medicine	Medical Sciences	Education	crafts.cutouts	Paper Cutouts	Animations	news.health	News	News	News/Commentary	animated.info	Infographics	Infographics/Slidedeck	TED_Ed
Top 15 Canva Tips for Productivity!	https://www.youtube.com/watch?v=2XqSMu9KVY0	505.0	Jeff_Su_2XqSMu9KVY0	skills.digital.graphicdesign	Design/Editing Tutorials	Tech & Creative Tutorials	How-To & Tutorials	screencast	Screencast	Screencast	vlog.daily	Personal Anecdotes	Personal Anecdotes/Vlogs	Entertainment	talkinghead.frameregular	Talking Head - Center	Single Presenter	Jeff_Su
Types of hormones | Endocrine system physiology | NCLEX-RN | Khan Academy	https://www.youtube.com/watch?v=KSclrkk_Ako	602.0	Khan_Academy_KSclrkk_Ako	edu.medicine.endocrinology	Medicine	Medical Sciences	Education	writing.stylus	Digital Writing (use of a cursor)	Instructional	edu.medicine.physiology	Medicine	Medical Sciences	Education	animated.graphics	Motion Graphics	Animations	Khan_Academy
NYC Business Owner Accused of Money Laundering or Tax Evasion? Financial Crimes Defense Attorney	https://www.youtube.com/watch?v=k5pru2ttygo	629.0	AskTheLawyers_k5pru2ttygo	edu.social.law	Law	Social Sciences	Education	paneldiscussion.virtual	Panel Discussion - Virtual	Simultaneous Presenters	edu.business.economics	Economics	Business & Economics	Education	conversation.formal	Conversations	Simultaneous Presenters	AskTheLawyers
What is inside a hair dryer? (2 of 2) | Electrical engineering | Khan Academy	https://www.youtube.com/watch?v=Vq7EOmvU1eQ	704.0	Khan_Academy_Vq7EOmvU1eQ	edu.stem.engineering.electrical	Engineering	Engineering	Education	practicaldemonstration.engineering	Physical Demo	Physical Demo	edu.stem.engineering.electronics	Engineering	Engineering	Education	writing.hand	Writing Hand (No head visible)	Instructional	Khan_Academy
How to Fix your Laptop	https://www.youtube.com/watch?v=d_H054zwCOY	369.0	ElectroBOOM_d_H054zwCOY	skills.diy.homeimprovement	DIY & Crafts	DIY & Crafts	How-To & Tutorials	practicaldemonstration.engineering	Physical Demo	Physical Demo	edu.stem.engineering.electronics	Engineering	Engineering	Education	talkinghead.frameregular	Talking Head - Center	Single Presenter	ElectroBOOM
A Simple Proof of Conservation of Energy	https://www.youtube.com/watch?v=PplaBASQ_3M	238.0	minutephysics_PplaBASQ_3M	edu.stem.physics.mechanics	Physics/Astronomy	Physical Sciences	Education	writing.hand	Writing Hand (No head visible)	Instructional	edu.stem.physics.thermodynamics	Physics/Astronomy	Physical Sciences	Education	board.whiteboard	Whiteboard	Instructional	minutephysics
Lesson 8 - Cofunction And Even Odd Identities (Trig & PreCalculus)	https://www.youtube.com/watch?v=4r7ccS3Wz_s	241.0	Math_and_Science_4r7ccS3Wz_s	edu.stem.math.trigonometry	Mathematics	Mathematics	Education	board.whiteboard	Whiteboard	Instructional	edu.stem.math.algebra	Mathematics	Mathematics	Education	talkinghead.frameregular	Talking Head - Center	Single Presenter	Math_and_Science
Make a SUPER HIGH VOLTAGE Capacitor	https://www.youtube.com/watch?v=xjW-isgOijs	678.0	ElectroBOOM_xjW-isgOijs	edu.stem.physics.electromagnetism	Physics/Astronomy	Physical Sciences	Education	practicaldemonstration.engineering	Physical Demo	Physical Demo	edu.stem.engineering.electrical	Engineering	Engineering	Education	talkinghead.frameregular	Talking Head - Center	Single Presenter	ElectroBOOM
How are these fires burning underground? - Emma Bryce	https://www.youtube.com/watch?v=brdrOzVgZX0	269.0	TED_Ed_brdrOzVgZX0	edu.stem.environment	Environmental Sciences	Environmental Sciences	Education	crafts.cutouts	Paper Cutouts	Animations	edu.stem.biology.ecology	Biology	Life Sciences	Education	animated.graphics	Motion Graphics	Animations	TED_Ed
Architect Breaks Down 5 Haunted Houses From Scary Films | Architectural Digest	https://www.youtube.com/watch?v=GGrKSsMO4LY	825.0	Architectural_Digest_GGrKSsMO4LY	edu.arts.architecture	Architecture	Architecture	Education	talkinghead.frameregular	Talking Head - Center	Single Presenter	entertainment.movies.clips	Movies, Theatre & Drama	Movies, TV & Drama	Entertainment	animated.graphics	Motion Graphics	Animations	Architectural_Digest
Overtime: Bob Woodward, Sarah Silverman, Katty Kay, Cornell Belcher, Bret Stephens	https://www.youtube.com/watch?v=SP1ttCxEcME	489.0	Real_Time_Bill_Maher_SP1ttCxEcME	edu.social.politics	Political Science	Social Sciences	Education	paneldiscussion.inperson	Panel Discussion - In Person	Simultaneous Presenters	news.domestic	News	News	News/Commentary	conversation.formal	Conversations	Simultaneous Presenters	Real_Time_Bill_Maher
Multiband Compression - Part 6 of 7 - Composing and Producing Electronic Music	https://www.youtube.com/watch?v=SbSFf71JJZ0	336.0	Berklee_SbSFf71JJZ0	edu.arts.music	Music (Educational)	Arts & Literature	Education	screencast	Screencast	Screencast	edu.education.pedagogy.teachingtools	Teaching	Teacher Training	Education	talkinghead.frameregular	Talking Head - Center	Single Presenter	Berklee
Anti-Lag - How Hyundai Eliminates Turbo Lag	https://www.youtube.com/watch?v=ccMg-KzMgU8	355.0	Engineering_Explained_ccMg-KzMgU8	edu.stem.engineering.automotive	Engineering	Engineering	Education	board.whiteboard	Whiteboard	Instructional	edu.stem.physics.mechanics	Physics/Astronomy	Physical Sciences	Education	talkinghead.frameregular	Talking Head - Center	Single Presenter	Engineering_Explained
Can I Get Workers‚Äô Comp for a Job-Related Car Accident? | Georgia Work Injury Lawyer	https://www.youtube.com/watch?v=nzuhyckxsuI	204.0	AskTheLawyers_nzuhyckxsuI	edu.social.law	Law	Social Sciences	Education	paneldiscussion.virtual	Panel Discussion - Virtual	Simultaneous Presenters	news.politics	News	News	News/Commentary	conversation.formal	Conversations	Simultaneous Presenters	AskTheLawyers
Nurse & Food Entrepreneur | Our budget & planning for our future | Part 3 | Khan Academy	https://www.youtube.com/watch?v=GPK0JS2htsU	381.0	Khan_Academy_GPK0JS2htsU	skills.financial.personalfinance	Finance Tutorials	Finance Tutorials	How-To & Tutorials	talkinghead.frameregular	Talking Head - Center	Single Presenter	edu.business.economics	Economics	Business & Economics	Education	conversation.casual	Conversations	Simultaneous Presenters	Khan_Academy
Steve Trevino LOVES 'Strange Obsessions'	https://www.youtube.com/watch?v=PnCOsMaKaxw	188.0	Comedy_Dynamics_PnCOsMaKaxw	entertainment.comedy.standup	Comedy	Comedy	Entertainment	persononstage	Person on stage	Single Presenter	entertainment.variety.talkshow	Stories/Anecdotes/Celebrity Content	Quizzes, Celebrities & Late Night	Entertainment	talkinghead.frameregular	Talking Head - Center	Single Presenter	Comedy_Dynamics
10 Ways to Boost Your Motivation INSTANTLY	https://www.youtube.com/watch?v=extzTbx8O0Q	704.0	TopThink_extzTbx8O0Q	growth.motivational	Personal Development	Personal Development	Lifestyle & Wellbeing	animated.graphics	Motion Graphics	Animations	growth.careerdevelopment	Personal Development	Personal Development	Lifestyle & Wellbeing	animated.info	Infographics	Infographics/Slidedeck	TopThink
Lec 8a | MIT 14.01SC Principles of Microeconomics	https://www.youtube.com/watch?v=aflMMnyAO0E	818.0	MIT_OpenCourseWare_aflMMnyAO0E	edu.business.economics	Economics	Business & Economics	Education	classroom	Classroom Lecture	Instructional	news.business	News	News	News/Commentary	persononstage	Person on stage	Single Presenter	MIT_OpenCourseWare
24 hours in Istanbul üáπüá∑ (& trying to speak Turkish) | Hagia Sophia, Basilica Cistern, Bosphorus	https://www.youtube.com/watch?v=TWv-dwk3XSI	462.0	Lindie_Botes_TWv-dwk3XSI	vlog.daily	Personal Anecdotes	Personal Anecdotes/Vlogs	Entertainment	vlog	Selfie Camera (Vlog)	Video Journal (Vlogs)	vlog.travel	Personal Anecdotes	Personal Anecdotes/Vlogs	Entertainment	pov.realworld	Point of View Camera (Vlog)	Video Journal (Vlogs)	Lindie_Botes
Graphs and Networks	https://www.youtube.com/watch?v=h0m2tsmSPTI	751.0	MIT_OpenCourseWare_h0m2tsmSPTI	edu.stem.math.linearalgebra	Mathematics	Mathematics	Education	board.chalkboard	Chalkboard	Instructional	edu.stem.math.algebra	Mathematics	Mathematics	Education	talkinghead.frameregular	Talking Head - Center	Single Presenter	MIT_OpenCourseWare
"The ""Sex Education"" Cast Plays Who's Who"	https://www.youtube.com/watch?v=b2-aChqxIhM	385.0	BuzzFeed_Celeb_b2-aChqxIhM	entertainment.variety.celebritycontent	Stories/Anecdotes/Celebrity Content	Quizzes, Celebrities & Late Night	Entertainment	paneldiscussion.virtual	Panel Discussion - Virtual	Simultaneous Presenters	entertainment.variety.talkshow	Stories/Anecdotes/Celebrity Content	Quizzes, Celebrities & Late Night	Entertainment	talkinghead.frameregular	Talking Head - Center	Single Presenter	BuzzFeed_Celeb
Every German House Style Explained In 15 Minutes	https://www.youtube.com/watch?v=59s_6YfBuFY	886.0	Sahari_59s_6YfBuFY	edu.arts.architecture	Architecture	Architecture	Education	slides	Slidedeck	Infographics/Slidedeck	edu.arts.arthistory	Arts	Arts & Literature	Education	animation.powerpoint	Slidedeck	Infographics/Slidedeck	Sahari
Equity vs. debt | Stocks and bonds | Finance & Capital Markets | Khan Academy	https://www.youtube.com/watch?v=yQtUyBrRBx4	834.0	Khan_Academy_yQtUyBrRBx4	edu.business.finance	Finance	Business & Economics	Education	writing.stylus	Digital Writing (use of a cursor)	Instructional	news.business	News	News	News/Commentary	animated.info	Infographics	Infographics/Slidedeck	Khan_Academy
I'm Atoms (Scientific Cover of Jason Mraz's I'm Yours)	https://www.youtube.com/watch?v=DBjZz0iQrzI	218.0	Veritasium_DBjZz0iQrzI	entertainment.music	Music (Entertainment)	Music & Performance	Entertainment	vlog	Selfie Camera (Vlog)	Video Journal (Vlogs)	edu.stem.astronomy	Physics/Astronomy	Physical Sciences	Education	talkinghead.frameregular	Talking Head - Center	Single Presenter	Veritasium
Rome & The Third Century Crisis | Taking A Stab At It | Roman History | Extra History | Part 1	https://www.youtube.com/watch?v=qNDE113vs28	570.0	Extra_History_qNDE113vs28	edu.social.history	History	Social Sciences	Education	animated.cartoon	Cartoon Characters	Animations	news.business	News	News	News/Commentary	animated.info	Infographics	Infographics/Slidedeck	Extra_History
How Money Will Make You Out of Touch With Reality	https://www.youtube.com/watch?v=Nsjr5cMqCQw	615.0	Practical_Wisdom_Interesting_Ideas_Nsjr5cMqCQw	skills.financial.personalfinance	Finance Tutorials	Finance Tutorials	How-To & Tutorials	docustyle	Documentary	Documentary Style (Mixed Format)	growth.careerdevelopment	Personal Development	Personal Development	Lifestyle & Wellbeing	animated.graphics	Motion Graphics	Animations	Practical_Wisdom_Interesting_Ideas
Nissan GT-R AWD System - How It Works	https://www.youtube.com/watch?v=vveNnKAxEb0	302.0	Engineering_Explained_vveNnKAxEb0	edu.stem.engineering.mechanical	Engineering	Engineering	Education	board.whiteboard	Whiteboard	Instructional	edu.stem.engineering.automotive	Engineering	Engineering	Education	talkinghead.frameregular	Talking Head - Center	Single Presenter	Engineering_Explained
Music And Measure Theory	https://www.youtube.com/watch?v=cyW5z-M2yzw	793.0	Khan_Academy_cyW5z-M2yzw	edu.arts.music	Music (Educational)	Arts & Literature	Education	animated.info	Infographics	Infographics/Slidedeck	edu.stem.math.numbertheory	Mathematics	Mathematics	Education	animated.graphics	Motion Graphics	Animations	Khan_Academy
The Hacking Wars - How Governments Hack Each Other	https://www.youtube.com/watch?v=TNJn6aUJA6I	698.0	ColdFusion_TNJn6aUJA6I	edu.stem.engineering.computerscience	Computer Science	Computer & Data Science	Education	docustyle	Documentary	Documentary Style (Mixed Format)	skills.digital.coding	Tech Tutorials	Tech & Creative Tutorials	How-To & Tutorials	screencast	Screencast	Screencast	ColdFusion
Opinion: Trump opponents are 'going to be living in the basement' if they don't change	https://www.youtube.com/watch?v=Skwfiuv7cSc	396.0	CNN_US_News_Skwfiuv7cSc	news.politics	News	News	News/Commentary	paneldiscussion.virtual	Panel Discussion - Virtual	Simultaneous Presenters	edu.social.politics	Political Science	Social Sciences	Education	talkinghead.frameregular	Talking Head - Center	Single Presenter	CNN_US_News
7 Habits to Instantly Be More Charismatic	https://www.youtube.com/watch?v=AAPBXPoRKOw	651.0	TopThink_AAPBXPoRKOw	growth.motivational	Personal Development	Personal Development	Lifestyle & Wellbeing	animated.graphics	Motion Graphics	Animations	wellbeing.mentalhealth	Mental Health	Mental Health	Lifestyle & Wellbeing	animated.cartoon	Cartoon Characters	Animations	TopThink
Match Finders - SNL	https://www.youtube.com/watch?v=szLej6PgQoY	342.0	Saturday_Night_Live_szLej6PgQoY	entertainment.reality.dating	Relationships	Relationships & Dating	Lifestyle & Wellbeing	skit	Skit/Parody/Sketch/Short Film	Staged Performance	entertainment.variety.talkshow	Stories/Anecdotes/Celebrity Content	Quizzes, Celebrities & Late Night	Entertainment	persononstage	Person on stage	Single Presenter	Saturday_Night_Live
Alternate Interior Angles - Geometry Tutor	https://www.youtube.com/watch?v=EffwYvKM1Us	352.0	Math_and_Science_EffwYvKM1Us	edu.stem.math.geometry	Mathematics	Mathematics	Education	board.whiteboard	Whiteboard	Instructional	edu.stem.math.algebra	Mathematics	Mathematics	Education	talkinghead.frameregular	Talking Head - Center	Single Presenter	Math_and_Science
10 Powerful Lessons Rich People Understand The Poor & Middle Class Don't	https://www.youtube.com/watch?v=KJMNRwnsqZk	716.0	Practical_Wisdom_Interesting_Ideas_KJMNRwnsqZk	skills.financial.personalfinance	Finance Tutorials	Finance Tutorials	How-To & Tutorials	docustyle	Documentary	Documentary Style (Mixed Format)	growth.motivational	Personal Development	Personal Development	Lifestyle & Wellbeing	animated.info	Infographics	Infographics/Slidedeck	Practical_Wisdom_Interesting_Ideas
Calculating the equilibrium constant from the standard cell potential edited | Khan Academy	https://www.youtube.com/watch?v=zSIJcGPIzro	579.0	Khan_Academy_zSIJcGPIzro	edu.stem.chemistry.physical	Chemistry	Physical Sciences	Education	writing.stylus	Digital Writing (use of a cursor)	Instructional	edu.arts.architecture	Architecture	Architecture	Education	animated.graphics	Motion Graphics	Animations	Khan_Academy
‚ÄòOumuamua: Interstellar Visitor	https://www.youtube.com/watch?v=BJCO97BpYIE	352.0	Professor_Dave_Explains_BJCO97BpYIE	edu.stem.astronomy	Physics/Astronomy	Physical Sciences	Education	animated.info	Infographics	Infographics/Slidedeck	edu.arts.architecture	Architecture	Architecture	Education	animated.graphics	Motion Graphics	Animations	Professor_Dave_Explains
This Will Fix Asia‚Äôs Greatest Traffic Jam	https://www.youtube.com/watch?v=5HoEDxKEhnA	452.0	The_B1M_5HoEDxKEhnA	edu.stem.engineering.civil	Engineering	Engineering	Education	animated.graphics	Motion Graphics	Animations	edu.stem.engineering.systemsengineering	Engineering	Engineering	Education	animated.info	Infographics	Infographics/Slidedeck	The_B1M
What is FaaS (Functions as a Service)?	https://www.youtube.com/watch?v=EOIja7yFScs	652.0	IBM_Technology_EOIja7yFScs	edu.stem.engineering.computerscience	Computer Science	Computer & Data Science	Education	board.lightboard	Glassboard	Instructional	edu.arts.architecture	Architecture	Architecture	Education	animated.graphics	Motion Graphics	Animations	IBM_Technology
Ribeye Steak With Red Wine Sauce | French Bistro Recipes	https://www.youtube.com/watch?v=yjcBx0cK7S0	440.0	French_Cooking_Academy_yjcBx0cK7S0	skills.culinary.cooking	Food	Food & Cooking	Entertainment	practicaldemonstration.cooking	Cooking	Cooking	lifestyle.food	Food	Food & Cooking	Entertainment	talkinghead.frameregular	Talking Head - Center	Single Presenter	French_Cooking_Academy
Home Automation: A Beginner's Introduction	https://www.youtube.com/watch?v=IcIpzWeqO1c	670.0	Technology_Connections_IcIpzWeqO1c	lifestyle.home	Home & Garden	Home & Garden	Lifestyle & Wellbeing	talkinghead.framecorner	Talking Head - Corner	Single Presenter	edu.stem.engineering.computerscience	Computer Science	Computer & Data Science	Education	screencast	Screencast	Screencast	Technology_Connections
ROA discussion 2 | Stocks and bonds | Finance & Capital Markets | Khan Academy	https://www.youtube.com/watch?v=R_5slDeVCQk	617.0	Khan_Academy_R_5slDeVCQk	edu.business.finance	Finance	Business & Economics	Education	writing.stylus	Digital Writing (use of a cursor)	Instructional	edu.business.economics	Economics	Business & Economics	Education	animated.graphics	Motion Graphics	Animations	Khan_Academy
Day 66: Language Learning in the Rain Forest.	https://www.youtube.com/watch?v=qA-FzGSgMqg	232.0	Steve_Kaufmann_qA-FzGSgMqg	language.internationallanguage	Languages	Languages	Education	pov.realworld	Point of View Camera (Vlog)	Video Journal (Vlogs)	edu.arts.architecture	Architecture	Architecture	Education	talkinghead.frameregular	Talking Head - Center	Single Presenter	Steve_Kaufmann
What is MLOps?	https://www.youtube.com/watch?v=OejCJL2EC3k	415.0	IBM_Technology_OejCJL2EC3k	edu.stem.engineering.computerscience	Computer Science	Computer & Data Science	Education	board.lightboard	Glassboard	Instructional	edu.stem.engineering.datascience	Data Science	Computer & Data Science	Education	talkinghead.framecorner	Talking Head - Corner	Single Presenter	IBM_Technology
Dmitri Shostakovich: Symphony No. 5. Analysis by Gerard Schwarz (part 4) | Music | Khan Academy	https://www.youtube.com/watch?v=l9-YCHZ4XoU	530.0	Khan_Academy_l9-YCHZ4XoU	edu.arts.music	Music (Educational)	Arts & Literature	Education	talkinghead.framecorner	Talking Head - Corner	Single Presenter	edu.arts.performing	Arts	Arts & Literature	Education	docustyle	Documentary	Documentary Style (Mixed Format)	Khan_Academy
Unboxing Sphero indi	https://www.youtube.com/watch?v=vRuuwdXrcAg	418.0	LEARN_vRuuwdXrcAg	misc.unboxing	Product Reviews	Product Reviews	Reviews	practicaldemonstration.science	Physical Demo	Physical Demo	edu.education.pedagogy.teachingtools	Teaching	Teacher Training	Education	talkinghead.framecorner	Talking Head - Corner	Single Presenter	LEARN
Simple Pagination with Firebase and Angular 4	https://www.youtube.com/watch?v=TIGj7KzXtxg	260.0	Fireship_TIGj7KzXtxg	skills.digital.coding	Tech Tutorials	Tech & Creative Tutorials	How-To & Tutorials	screencast	Screencast	Screencast	edu.stem.engineering.computerscience	Computer Science	Computer & Data Science	Education	keystrokes	Screencast	Screencast	Fireship
Giant Mystery Unboxing...	https://www.youtube.com/watch?v=18BqKMkoLcU	358.0	Unbox_Therapy_18BqKMkoLcU	misc.unboxing	Product Reviews	Product Reviews	Reviews	vlog	Selfie Camera (Vlog)	Video Journal (Vlogs)	edu.stem.engineering.automotive	Engineering	Engineering	Education	practicaldemonstration.engineering	Physical Demo	Physical Demo	Unbox_Therapy
'RIDICULOUS': Media uses bridge collapse to call out racism of Francis Scott Key	https://www.youtube.com/watch?v=xRfNWmkYGdI	279.0	Fox_US_News_xRfNWmkYGdI	news.domestic	News	News	News/Commentary	paneldiscussion.inperson	Panel Discussion - In Person	Simultaneous Presenters	news.politics	News	News	News/Commentary	talkinghead.frameregular	Talking Head - Center	Single Presenter	Fox_US_News
Irish People Watch Cake Boss For The First Time	https://www.youtube.com/watch?v=2OjjQ6KRQ7Q	233.0	Facts_2OjjQ6KRQ7Q	entertainment.reality.living	Lifestyle	Lifestyle	Lifestyle & Wellbeing	screencast	Screencast	Screencast	skills.culinary.baking	Food	Food & Cooking	Entertainment	conversation.casual	Conversations	Simultaneous Presenters	Facts
Buddhist School Education	https://www.youtube.com/watch?v=5AuM7DSrPig	253.0	Sprouts_5AuM7DSrPig	edu.humanities.religion	Religion	Humanities	Education	animated.comic	Comic Book Style	Animations	religious.spirituality	Religion & Spirituality	Religion & Spirituality	Religion & Spirituality	animated.info	Infographics	Infographics/Slidedeck	Sprouts
How to Train Your Dragon 2 (2014) - The Wingsuit Scene (1/10) | Movieclips	https://www.youtube.com/watch?v=TiJBxtM5iKw	185.0	RottenTomatoes_TiJBxtM5iKw	entertainment.movies.clips	Movies, Theatre & Drama	Movies, TV & Drama	Entertainment	animated.cartoon	Cartoon Characters	Animations	entertainment.sports.adventure	Sports & Adventure	Sports & Adventure	Entertainment	animated.graphics	Motion Graphics	Animations	RottenTomatoes
What's The Best Workout For Cardiovascular Exercise? - Mark Sisson	https://www.youtube.com/watch?v=7fuVlDkTnoo	554.0	Max_Lugavere_7fuVlDkTnoo	wellbeing.fitness	Fitness	Fitness & Nutrition	Lifestyle & Wellbeing	conversation.podcast	Conversations	Simultaneous Presenters	entertainment.sports.individual	Sports & Adventure	Sports & Adventure	Entertainment	talkinghead.frameregular	Talking Head - Center	Single Presenter	Max_Lugavere
LEARN Secondary 4 Science: Lithosphere contamination and soil depletion	https://www.youtube.com/watch?v=motq12X-j-U	311.0	LEARN_motq12X-j-U	edu.stem.environment	Environmental Sciences	Environmental Sciences	Education	slides	Slidedeck	Infographics/Slidedeck	edu.stem.biology.ecology	Biology	Life Sciences	Education	talkinghead.framecorner	Talking Head - Corner	Single Presenter	LEARN
Who Am I? - A Thought Experiment That Changes How You Think About Yourself	https://www.youtube.com/watch?v=HAND5-dO4kY	695.0	Pursuit_of_Wonder_HAND5-dO4kY	edu.humanities.philosophy	Philosophy	Humanities	Education	animated.graphics	Motion Graphics	Animations	edu.humanities.ethics	Philosophy	Humanities	Education	animated.info	Infographics	Infographics/Slidedeck	Pursuit_of_Wonder
10 Habits You Should Quit Right Now	https://www.youtube.com/watch?v=iPOK1329nlc	622.0	TopThink_iPOK1329nlc	growth.motivational	Personal Development	Personal Development	Lifestyle & Wellbeing	animation.powerpoint	Slidedeck	Infographics/Slidedeck	growth.careerdevelopment	Personal Development	Personal Development	Lifestyle & Wellbeing	animated.info	Infographics	Infographics/Slidedeck	TopThink
S. Epatha Merkerson, Miranda Rae Mayo and Jason Beghe Weigh In on the NYC vs. Chicago Pizza Debate	https://www.youtube.com/watch?v=mGoTs9dHSdo	453.0	Jimmy_Fallon_mGoTs9dHSdo	entertainment.variety.talkshow	Stories/Anecdotes/Celebrity Content	Quizzes, Celebrities & Late Night	Entertainment	paneldiscussion.inperson	Panel Discussion - In Person	Simultaneous Presenters	entertainment.variety.celebritycontent	Stories/Anecdotes/Celebrity Content	Quizzes, Celebrities & Late Night	Entertainment	conversation.formal	Conversations	Simultaneous Presenters	Jimmy_Fallon
A Chat in Several Languages with the Language Tsar Conor	https://www.youtube.com/watch?v=W-dpqJbVgy0	553.0	Steve_Kaufmann_W-dpqJbVgy0	language.internationallanguage	Languages	Languages	Education	conversation.formal	Conversations	Simultaneous Presenters	edu.arts.languages	Languages	Languages	Education	talkinghead.frameregular	Talking Head - Center	Single Presenter	Steve_Kaufmann
An Architect's Home That Explores Art and Architecture (House Tour)	https://www.youtube.com/watch?v=KeUKlpiGm1g	390.0	The_Local_Project_KeUKlpiGm1g	edu.arts.architecture	Architecture	Architecture	Education	docustyle	Documentary	Documentary Style (Mixed Format)	edu.arts.visual	Arts	Arts & Literature	Education	talkinghead.frameregular	Talking Head - Center	Single Presenter	The_Local_Project
Nick Offerman Was Intimidated by Megan Mullally‚Äôs Success When They First Met	https://www.youtube.com/watch?v=WZoIL9_ueOM	523.0	Seth_Meyers_WZoIL9_ueOM	entertainment.variety.talkshow	Stories/Anecdotes/Celebrity Content	Quizzes, Celebrities & Late Night	Entertainment	paneldiscussion.virtual	Panel Discussion - Virtual	Simultaneous Presenters	entertainment.variety.latenight	Stories/Anecdotes/Celebrity Content	Quizzes, Celebrities & Late Night	Entertainment	conversation.formal	Conversations	Simultaneous Presenters	Seth_Meyers
The Biggest Eruptions That Changed Earth Forever	https://www.youtube.com/watch?v=fXb02MQ78yQ	599.0	Kurzgesagt_fXb02MQ78yQ	edu.stem.environment	Environmental Sciences	Environmental Sciences	Education	animated.info	Infographics	Infographics/Slidedeck	edu.social.history	History	Social Sciences	Education	animated.cartoon	Cartoon Characters	Animations	Kurzgesagt
Tunde Adebimpe + Thee Black Boltz: Somebody New | The Tonight Show Starring Jimmy Fallon	https://www.youtube.com/watch?v=rrZbNpDX_E8	218.0	Jimmy_Fallon_rrZbNpDX_E8	entertainment.music	Music (Entertainment)	Music & Performance	Entertainment	persononstage	Person on stage	Single Presenter	edu.arts.music	Music (Educational)	Arts & Literature	Education	animated.graphics	Motion Graphics	Animations	Jimmy_Fallon
Defenses to Intentional Torts: Module 3 of 5	https://www.youtube.com/watch?v=ydEgreKaePI	781.0	LawShelf_ydEgreKaePI	edu.social.law	Law	Social Sciences	Education	animated.info	Infographics	Infographics/Slidedeck	edu.arts.architecture	Architecture	Architecture	Education	animated.graphics	Motion Graphics	Animations	LawShelf
Teacher Moderation Guided Reading/Guided Writing Pt2 of 2	https://www.youtube.com/watch?v=y_w2q2GhTME	339.0	Knatim_y_w2q2GhTME	edu.education.pedagogy.teachingprinciples	Teaching	Teacher Training	Education	classroom	Classroom Lecture	Instructional	edu.education.pedagogy.teachingtools	Teaching	Teacher Training	Education	slides	Slidedeck	Infographics/Slidedeck	Knatim
Apulu (Apollo of Veii)	https://www.youtube.com/watch?v=GLgrt_4WnMY	217.0	Khan_Academy_GLgrt_4WnMY	edu.arts.arthistory	Arts	Arts & Literature	Education	slides	Slidedeck	Infographics/Slidedeck	edu.arts.architecture	Architecture	Architecture	Education	animation.powerpoint	Slidedeck	Infographics/Slidedeck	Khan_Academy
Great Schism or East-West Schism part 2 | World History | Khan Academy	https://www.youtube.com/watch?v=iql2eFZsV5Y	393.0	Khan_Academy_iql2eFZsV5Y	edu.humanities.religion	Religion	Humanities	Education	animated.info	Infographics	Infographics/Slidedeck	edu.social.history	History	Social Sciences	Education	animated.graphics	Motion Graphics	Animations	Khan_Academy
Why So Many Women Think Men Are Trash | Matthew Hussey	https://www.youtube.com/watch?v=QkxlHOKA5Lo	796.0	Chris_Williamson_QkxlHOKA5Lo	entertainment.reality.dating	Relationships	Relationships & Dating	Lifestyle & Wellbeing	conversation.formal	Conversations	Simultaneous Presenters	entertainment.variety.talkshow	Stories/Anecdotes/Celebrity Content	Quizzes, Celebrities & Late Night	Entertainment	conversation.podcast	Conversations	Simultaneous Presenters	Chris_Williamson
"The ""Control Z"" Cast Tries To Survive A Social Media Scandal"	https://www.youtube.com/watch?v=lssKALZDZ3A	273.0	BuzzFeed_Celeb_lssKALZDZ3A	entertainment.variety.celebritycontent	Stories/Anecdotes/Celebrity Content	Quizzes, Celebrities & Late Night	Entertainment	paneldiscussion.virtual	Panel Discussion - Virtual	Simultaneous Presenters	entertainment.variety.talkshow	Stories/Anecdotes/Celebrity Content	Quizzes, Celebrities & Late Night	Entertainment	talkinghead.frameregular	Talking Head - Center	Single Presenter	BuzzFeed_Celeb
Martin Short Five-Timers Club Cold Open - SNL	https://www.youtube.com/watch?v=KnaES8YItiA	568.0	Saturday_Night_Live_KnaES8YItiA	entertainment.comedy.sketch	Comedy	Comedy	Entertainment	skit	Skit/Parody/Sketch/Short Film	Staged Performance	entertainment.variety.latenight	Stories/Anecdotes/Celebrity Content	Quizzes, Celebrities & Late Night	Entertainment	conversation.casual	Conversations	Simultaneous Presenters	Saturday_Night_Live
What Is Maladaptive Daydreaming & How To Properly Deal With It  | Dissociation Disorders	https://www.youtube.com/watch?v=ddf21KKr_Ks	635.0	Kati_Morton_ddf21KKr_Ks	wellbeing.mentalhealth	Mental Health	Mental Health	Lifestyle & Wellbeing	talkinghead.frameregular	Talking Head - Center	Single Presenter	edu.medicine.psychiatry	Medicine	Medical Sciences	Education	vlog	Selfie Camera (Vlog)	Video Journal (Vlogs)	Kati_Morton
The Hazards of High Altitude: A Mistake on the First Attempt | Edge of the Unknown on Disney+	https://www.youtube.com/watch?v=20Y2yOpiPFI	245.0	National_Geographic_20Y2yOpiPFI	entertainment.sports.adventure	Sports & Adventure	Sports & Adventure	Entertainment	pov.realworld	Point of View Camera (Vlog)	Video Journal (Vlogs)	entertainment.sports.extremes	Sports & Adventure	Sports & Adventure	Entertainment	docustyle	Documentary	Documentary Style (Mixed Format)	National_Geographic
10 Money Rules for Financial Success	https://www.youtube.com/watch?v=J6oHchaCxvM	696.0	Practical_Wisdom_Interesting_Ideas_J6oHchaCxvM	skills.financial.personalfinance	Finance Tutorials	Finance Tutorials	How-To & Tutorials	animated.info	Infographics	Infographics/Slidedeck	edu.business.finance	Finance	Business & Economics	Education	animated.graphics	Motion Graphics	Animations	Practical_Wisdom_Interesting_Ideas
GETTIN' GOOZY üéµ FGTeeV Official Music Video	https://www.youtube.com/watch?v=TIjvVeYg-Bc	618.0	FGTeeV_TIjvVeYg-Bc	entertainment.music	Music (Entertainment)	Music & Performance	Entertainment	crafts.cutouts	Paper Cutouts	Animations	entertainment.comedy.parody	Comedy	Comedy	Entertainment	animated.graphics	Motion Graphics	Animations	FGTeeV
Every Garden Style Explained In 12 Minutes	https://www.youtube.com/watch?v=-XU8E3tXDp0	746.0	Sahari_-XU8E3tXDp0	lifestyle.home	Home & Garden	Home & Garden	Lifestyle & Wellbeing	slides	Slidedeck	Infographics/Slidedeck	edu.stem.engineering.civil	Engineering	Engineering	Education	placeholderdisplay	Static Screen / No video	Static Screen / No video	Sahari
Why Do Students Have So Much Debt?	https://www.youtube.com/watch?v=yQfbkSSFW_w	777.0	PBS_Origins_yQfbkSSFW_w	skills.financial.personalfinance	Finance Tutorials	Finance Tutorials	How-To & Tutorials	talkinghead.frameregular	Talking Head - Center	Single Presenter	edu.business.economics	Economics	Business & Economics	Education	animated.info	Infographics	Infographics/Slidedeck	PBS_Origins
7 Principles of Psychological Persuasion	https://www.youtube.com/watch?v=P3rbadeF9AI	383.0	Sprouts_P3rbadeF9AI	edu.social.psychology	Psychology	Social Sciences	Education	animated.comic	Comic Book Style	Animations	edu.business.marketing	Business	Business & Economics	Education	animated.graphics	Motion Graphics	Animations	Sprouts
What If We Killed Every Mosquito On Earth?	https://www.youtube.com/watch?v=LIYEhcOn0a4	352.0	AsapSCIENCE_LIYEhcOn0a4	edu.medicine.publichealth	Public Health	Medical Sciences	Education	animated.info	Infographics	Infographics/Slidedeck	edu.stem.biology.microbiology	Biology	Life Sciences	Education	writing.hand	Writing Hand (No head visible)	Instructional	AsapSCIENCE
Energy levels and diagram for hydrogen	https://www.youtube.com/watch?v=8cRnBhBaSOo	822.0	MIT_OpenCourseWare_8cRnBhBaSOo	edu.stem.physics.quantum	Physics/Astronomy	Physical Sciences	Education	board.chalkboard	Chalkboard	Instructional	edu.stem.physics.mechanics	Physics/Astronomy	Physical Sciences	Education	classroom	Classroom Lecture	Instructional	MIT_OpenCourseWare
Kill the Indian, Save the Man - Carlisle Boarding School - US History - Extra History	https://www.youtube.com/watch?v=fbRBNSjT_FQ	612.0	Extra_History_fbRBNSjT_FQ	edu.social.history	History	Social Sciences	Education	animated.cartoon	Cartoon Characters	Animations	news.domestic	News	News	News/Commentary	animated.info	Infographics	Infographics/Slidedeck	Extra_History
Homeopathy Explained ‚Äì Gentle Healing or Reckless Fraud?	https://www.youtube.com/watch?v=8HslUzw35mc	512.0	Kurzgesagt_8HslUzw35mc	wellbeing.alternativemedicine	Alternative Health	Alternative Health	Lifestyle & Wellbeing	animated.info	Infographics	Infographics/Slidedeck	edu.medicine.publichealth	Public Health	Medical Sciences	Education	animated.graphics	Motion Graphics	Animations	Kurzgesagt
How to Become Pope	https://www.youtube.com/watch?v=kF8I_r9XT7A	309.0	CGP_Grey_kF8I_r9XT7A	growth.careerdevelopment	Personal Development	Personal Development	Lifestyle & Wellbeing	animated.graphics	Motion Graphics	Animations	religious.guidelines	Religion & Spirituality	Religion & Spirituality	Religion & Spirituality	animated.cartoon	Cartoon Characters	Animations	CGP_Grey
Closing a POWER ARC Switch with a WEAK ARC (LATITY-012)	https://www.youtube.com/watch?v=lPAM5Z7Dzfo	865.0	ElectroBOOM_lPAM5Z7Dzfo	edu.stem.engineering.electrical	Engineering	Engineering	Education	practicaldemonstration.engineering	Physical Demo	Physical Demo	edu.stem.physics.electromagnetism	Physics/Astronomy	Physical Sciences	Education	practicaldemonstration.science	Physical Demo	Physical Demo	ElectroBOOM
Lesley Hazleton: The doubt essential to faith	https://www.youtube.com/watch?v=6ORDQFh0Byw	826.0	TED_6ORDQFh0Byw	edu.humanities.religion	Religion	Humanities	Education	persononstage	Person on stage	Single Presenter	edu.humanities.philosophy	Philosophy	Humanities	Education	slides	Slidedeck	Infographics/Slidedeck	TED
Kung Fu Panda 2 (2011) - Cannonball Factory Scene (7/10) | Movieclips	https://www.youtube.com/watch?v=22Xiae6LXdU	195.0	RottenTomatoes_22Xiae6LXdU	entertainment.movies.clips	Movies, Theatre & Drama	Movies, TV & Drama	Entertainment	animated.cartoon	Cartoon Characters	Animations	entertainment.movies.review	Movies, Theatre & Drama	Movies, TV & Drama	Entertainment	animated.graphics	Motion Graphics	Animations	RottenTomatoes
How to (ALWAYS) make good decisions for yourself.	https://www.youtube.com/watch?v=5eK0XmhnB_s	456.0	Project_Better_Self_5eK0XmhnB_s	edu.social.psychology	Psychology	Social Sciences	Education	animated.info	Infographics	Infographics/Slidedeck	growth.motivational	Personal Development	Personal Development	Lifestyle & Wellbeing	animated.graphics	Motion Graphics	Animations	Project_Better_Self
Opposites Really Do Attract. Mark Klein	https://www.youtube.com/watch?v=ZWW9N2eLjhs	375.0	Dry_Bar_Comedy_ZWW9N2eLjhs	entertainment.comedy.standup	Comedy	Comedy	Entertainment	persononstage	Person on stage	Single Presenter	vlog.daily	Personal Anecdotes	Personal Anecdotes/Vlogs	Entertainment	talkinghead.frameregular	Talking Head - Center	Single Presenter	Dry_Bar_Comedy
How Do Scientists Know the Mass of Mars? : Astronomy & the Solar System	https://www.youtube.com/watch?v=DuPmzX-u_jc	253.0	eHowEducation_DuPmzX-u_jc	edu.stem.astronomy	Physics/Astronomy	Physical Sciences	Education	board.lightboard	Glassboard	Instructional	edu.stem.physics.mechanics	Physics/Astronomy	Physical Sciences	Education	talkinghead.frameregular	Talking Head - Center	Single Presenter	eHowEducation
Chapter 9.1: First Project - Blink LED | Mastering Arduino Course	https://www.youtube.com/watch?v=_q6YhRoOTjs	768.0	The_Innomind__q6YhRoOTjs	skills.digital.coding	Tech Tutorials	Tech & Creative Tutorials	How-To & Tutorials	screencast	Screencast	Screencast	edu.stem.engineering.robotics	Engineering	Engineering	Education	animated.graphics	Motion Graphics	Animations	The_Innomind
YOUR BODY IS AMAZING ft. Christine Sydelko	https://www.youtube.com/watch?v=6_Qnc_P1xMQ	276.0	AsapSCIENCE_6_Qnc_P1xMQ	edu.medicine.physiology	Medicine	Medical Sciences	Education	writing.hand	Writing Hand (No head visible)	Instructional	edu.stem.biology.cellbiology	Biology	Life Sciences	Education	talkinghead.frameregular	Talking Head - Center	Single Presenter	AsapSCIENCE
Bringing the ‚ÄòWhy‚Äô To Life: How to Enlist Teachers Behind a Challenging New Curriculum	https://www.youtube.com/watch?v=OKXnzXLKOw4	201.0	Education_Week_OKXnzXLKOw4	edu.education.pedagogy.teachingprinciples	Teaching	Teacher Training	Education	classroom	Classroom Lecture	Instructional	growth.careerdevelopment	Personal Development	Personal Development	Lifestyle & Wellbeing	docustyle	Documentary	Documentary Style (Mixed Format)	Education_Week
Why the Dutch Lead the World in Agriculture Exports	https://www.youtube.com/watch?v=ziBgxehTBDI	453.0	Geography_Geek_ziBgxehTBDI	edu.business.economics	Economics	Business & Economics	Education	animated.info	Infographics	Infographics/Slidedeck	edu.stem.engineering.agricultural	Engineering	Engineering	Education	docustyle	Documentary	Documentary Style (Mixed Format)	Geography_Geek
What it‚Äôs like to watch a Total Solar Eclipse	https://www.youtube.com/watch?v=G10m2ZZRH4U	321.0	Veritasium_G10m2ZZRH4U	edu.stem.astronomy	Physics/Astronomy	Physical Sciences	Education	vlog	Selfie Camera (Vlog)	Video Journal (Vlogs)	vlog.daily	Personal Anecdotes	Personal Anecdotes/Vlogs	Entertainment	docustyle	Documentary	Documentary Style (Mixed Format)	Veritasium
Religious Freedom Supersedes Civil Liberties | Vivien Hasan | Part 1 of 6	https://www.youtube.com/watch?v=H5b33zrRTj8	615.0	OxfordUnion_H5b33zrRTj8	religious.guidelines	Religion & Spirituality	Religion & Spirituality	Religion & Spirituality	persononstage	Person on stage	Single Presenter	edu.humanities.ethics	Philosophy	Humanities	Education	talkinghead.frameregular	Talking Head - Center	Single Presenter	OxfordUnion
A Cat's Tale (2008) - Tag or Hide and Seek? Scene (8/10) | Movieclips	https://www.youtube.com/watch?v=QrXSZJ3am_s	206.0	RottenTomatoes_QrXSZJ3am_s	entertainment.movies.clips	Movies, Theatre & Drama	Movies, TV & Drama	Entertainment	rawfootage	Raw Footage	Raw Footage	edu.arts.architecture	Architecture	Architecture	Education	docustyle	Documentary	Documentary Style (Mixed Format)	RottenTomatoes
Exam 1, Problem 5 | MIT 3.091SC Introduction to Solid State Chemistry, Fall 2010	https://www.youtube.com/watch?v=2eLeU6-0W7E	708.0	MIT_OpenCourseWare_2eLeU6-0W7E	edu.stem.chemistry.physical	Chemistry	Physical Sciences	Education	board.chalkboard	Chalkboard	Instructional	edu.stem.engineering.chemical	Engineering	Engineering	Education	talkinghead.frameregular	Talking Head - Center	Single Presenter	MIT_OpenCourseWare
Lesson 7 - Writing And Balancing Chemical Reactions, Part 2	https://www.youtube.com/watch?v=UC-2ZbI0enw	241.0	Math_and_Science_UC-2ZbI0enw	edu.stem.chemistry.inorganic	Chemistry	Physical Sciences	Education	board.whiteboard	Whiteboard	Instructional	edu.education.pedagogy.teachingprinciples	Teaching	Teacher Training	Education	talkinghead.frameregular	Talking Head - Center	Single Presenter	Math_and_Science
Big Data In 5 Minutes | What Is Big Data?| Big Data Analytics | Big Data Tutorial | Simplilearn	https://www.youtube.com/watch?v=bAyrObl7TYE	312.0	Simplilearn_bAyrObl7TYE	edu.business.analytics	Business	Business & Economics	Education	animated.info	Infographics	Infographics/Slidedeck	edu.stem.engineering.datascience	Data Science	Computer & Data Science	Education	writing.stylus	Digital Writing (use of a cursor)	Instructional	Simplilearn
Hungary Shows Us How a Second Trump Term Might Play Out	https://www.youtube.com/watch?v=Y7J5PHeEg8k	577.0	NYT_Podcasts_Y7J5PHeEg8k	edu.social.politics	Political Science	Social Sciences	Education	placeholderdisplay	Static Screen / No video	Static Screen / No video	growth.motivational	Personal Development	Personal Development	Lifestyle & Wellbeing	talkinghead.framecorner	Talking Head - Corner	Single Presenter	NYT_Podcasts
Creepy Clowns: The Horror Behind the Laughter | Monstrum	https://www.youtube.com/watch?v=Y9UOEHD4ISo	475.0	Storied_Y9UOEHD4ISo	misc.conspiracy	Conspiracy	Conspiracy	Entertainment	docustyle	Documentary	Documentary Style (Mixed Format)	edu.social.history	History	Social Sciences	Education	talkinghead.frameregular	Talking Head - Center	Single Presenter	Storied
Science Olympiad MY SO STEM Session for Epidemiology Month ‚Äì Career Pathways and Alumni Interviews	https://www.youtube.com/watch?v=4j1HGiymz9g	745.0	Science_Olympiad_TV_4j1HGiymz9g	edu.medicine.publichealth	Public Health	Medical Sciences	Education	talkinghead.framecorner	Talking Head - Corner	Single Presenter	growth.careerdevelopment	Personal Development	Personal Development	Lifestyle & Wellbeing	talkinghead.frameregular	Talking Head - Center	Single Presenter	Science_Olympiad_TV
Mr. Peabody & Sherman (2014) - The Flying Machine Scene (5/10) | Movieclips	https://www.youtube.com/watch?v=AhcxeUrWTRc	247.0	RottenTomatoes_AhcxeUrWTRc	entertainment.movies.clips	Movies, Theatre & Drama	Movies, TV & Drama	Entertainment	animated.cartoon	Cartoon Characters	Animations	edu.stem.engineering.aerospace	Engineering	Engineering	Education	animated.graphics	Motion Graphics	Animations	RottenTomatoes
Can We Trust The DSM-5?	https://www.youtube.com/watch?v=X_90QQ2QWUc	654.0	Sprouts_X_90QQ2QWUc	wellbeing.mentalhealth	Mental Health	Mental Health	Lifestyle & Wellbeing	animated.comic	Comic Book Style	Animations	edu.social.psychology	Psychology	Social Sciences	Education	animated.info	Infographics	Infographics/Slidedeck	Sprouts
Recreating the chemical traffic light reaction	https://www.youtube.com/watch?v=1ueSa6-UqYo	646.0	NileRed_1ueSa6-UqYo	edu.stem.chemistry.organic	Chemistry	Physical Sciences	Education	practicaldemonstration.science	Physical Demo	Physical Demo	edu.stem.chemistry.analytical	Chemistry	Physical Sciences	Education	writing.hand	Writing Hand (No head visible)	Instructional	NileRed
Research Methods in Sociolinguistics: Critical Discourse Analysis	https://www.youtube.com/watch?v=gvBfgrtqqoU	605.0	The_Sociolinguistics_Channel_gvBfgrtqqoU	edu.social.anthropology	Social Sciences	Social Sciences	Education	writing.stylus	Digital Writing (use of a cursor)	Instructional	edu.social.sociology	Social Sciences	Social Sciences	Education	docustyle	Documentary	Documentary Style (Mixed Format)	The_Sociolinguistics_Channel
Architects Design a Modern House Inspired by Arches (House Tour)	https://www.youtube.com/watch?v=GtRBmHJCJts	314.0	The_Local_Project_GtRBmHJCJts	edu.arts.architecture	Architecture	Architecture	Education	pov.realworld	Point of View Camera (Vlog)	Video Journal (Vlogs)	edu.arts.arthistory	Arts	Arts & Literature	Education	docustyle	Documentary	Documentary Style (Mixed Format)	The_Local_Project
The fall of the House of Cadmus - Iseult Gillespie	https://www.youtube.com/watch?v=H7ZhDe1K8uU	291.0	TED_Ed_H7ZhDe1K8uU	edu.arts.literature	Arts	Arts & Literature	Education	animated.graphics	Motion Graphics	Animations	edu.social.history	History	Social Sciences	Education	docustyle	Documentary	Documentary Style (Mixed Format)	TED_Ed
EASY TOILET PAPER ROLL CRAFTS	https://www.youtube.com/watch?v=l8WyqK8pTkc	447.0	Fun_Science_l8WyqK8pTkc	skills.diy.crafts	DIY & Crafts	DIY & Crafts	How-To & Tutorials	crafts.cutouts	Paper Cutouts	Animations	skills.diy.homeimprovement	DIY & Crafts	DIY & Crafts	How-To & Tutorials	practicaldemonstration.engineering	Physical Demo	Physical Demo	Fun_Science
How (and why) You Lose Strength On A Cut | Fat Loss Week 14	https://www.youtube.com/watch?v=GfmhCCT_2h8	696.0	Chubbyemu_GfmhCCT_2h8	wellbeing.fitness	Fitness	Fitness & Nutrition	Lifestyle & Wellbeing	vlog	Selfie Camera (Vlog)	Video Journal (Vlogs)	vlog.daily	Personal Anecdotes	Personal Anecdotes/Vlogs	Entertainment	talkinghead.frameregular	Talking Head - Center	Single Presenter	Chubbyemu
The Case for Good Jobs ‚Äî and Why They‚Äôre Good for Business Too | Zeynep Ton | TED	https://www.youtube.com/watch?v=v5OQeUwXlV4	823.0	TED_v5OQeUwXlV4	edu.business.economics	Economics	Business & Economics	Education	persononstage	Person on stage	Single Presenter	edu.business.management	Business	Business & Economics	Education	talkinghead.frameregular	Talking Head - Center	Single Presenter	TED
What Trump Did on Day 1, and Biden‚Äôs Final Acts	https://www.youtube.com/watch?v=uduOyddENvs	509.0	NYT_Podcasts_uduOyddENvs	news.domestic	News	News	News/Commentary	placeholderdisplay	Static Screen / No video	Static Screen / No video	news.politics	News	News	News/Commentary	talkinghead.framecorner	Talking Head - Corner	Single Presenter	NYT_Podcasts
This Slime Could Be Good For Your Phone...	https://www.youtube.com/watch?v=aarsyus_dP0	276.0	Unbox_Therapy_aarsyus_dP0	misc.unboxing	Product Reviews	Product Reviews	Reviews	talkinghead.frameregular	Talking Head - Center	Single Presenter	misc.productreview	Product Reviews	Product Reviews	Reviews	practicaldemonstration.science	Physical Demo	Physical Demo	Unbox_Therapy
Demographic structure of society - sex, gender, and sexual orientation | MCAT | Khan Academy	https://www.youtube.com/watch?v=Hkmsu9Tl7NE	461.0	Khan_Academy_Hkmsu9Tl7NE	edu.social.sociology	Social Sciences	Social Sciences	Education	writing.stylus	Digital Writing (use of a cursor)	Instructional	edu.social.psychology	Psychology	Social Sciences	Education	board.chalkboard	Chalkboard	Instructional	Khan_Academy
Lesson 18 - Integrals Of Exponential Functions, Part 1 (Calculus 1)	https://www.youtube.com/watch?v=UFaph9nE070	241.0	Math_and_Science_UFaph9nE070	edu.stem.math.calculus	Mathematics	Mathematics	Education	board.whiteboard	Whiteboard	Instructional	edu.education.pedagogy.teachingprinciples	Teaching	Teacher Training	Education	talkinghead.frameregular	Talking Head - Center	Single Presenter	Math_and_Science
A Day in the Life of a Product Marketer (Work From Home Edition)	https://www.youtube.com/watch?v=k3tk9IbLJok	483.0	Jeff_Su_k3tk9IbLJok	vlog.daily	Personal Anecdotes	Personal Anecdotes/Vlogs	Entertainment	vlog	Selfie Camera (Vlog)	Video Journal (Vlogs)	edu.business.management	Business	Business & Economics	Education	docustyle	Documentary	Documentary Style (Mixed Format)	Jeff_Su
This national security issue is ‚Äòby design‚Äô: Tom Homan	https://www.youtube.com/watch?v=kFEwZvIoeIw	294.0	Fox_US_News_kFEwZvIoeIw	news.politics	News	News	News/Commentary	paneldiscussion.virtual	Panel Discussion - Virtual	Simultaneous Presenters	news.domestic	News	News	News/Commentary	talkinghead.framecorner	Talking Head - Corner	Single Presenter	Fox_US_News
Sketching Design Concepts - Outpost Project, Part 4	https://www.youtube.com/watch?v=XZbBlsbW1y8	895.0	30X40_Design_Workshop_XZbBlsbW1y8	edu.arts.architecture	Architecture	Architecture	Education	writing.hand	Writing Hand (No head visible)	Instructional	edu.stem.engineering.civil	Engineering	Engineering	Education	screencast	Screencast	Screencast	30X40_Design_Workshop
The Biggest Liar Cheapstake! - TLC #16	https://www.youtube.com/watch?v=C24s3SA0IHE	669.0	PewDiePie_C24s3SA0IHE	entertainment.reality.living	Lifestyle	Lifestyle	Lifestyle & Wellbeing	talkinghead.framecorner	Talking Head - Corner	Single Presenter	vlog.daily	Personal Anecdotes	Personal Anecdotes/Vlogs	Entertainment	screencast	Screencast	Screencast	PewDiePie
How To Actually DETOX Your Body From Toxins - Dr. Nicole Cain	https://www.youtube.com/watch?v=6vYrIPbQuRY	562.0	Max_Lugavere_6vYrIPbQuRY	wellbeing.nutrition	Nutrition	Fitness & Nutrition	Lifestyle & Wellbeing	conversation.podcast	Conversations	Simultaneous Presenters	edu.medicine.other	Medicine	Medical Sciences	Education	talkinghead.frameregular	Talking Head - Center	Single Presenter	Max_Lugavere
Top 5 AI Myths	https://www.youtube.com/watch?v=-dAmqHFWzyg	418.0	IBM_Technology_-dAmqHFWzyg	edu.stem.engineering.datascience	Data Science	Computer & Data Science	Education	board.lightboard	Glassboard	Instructional	edu.stem.engineering.computerscience	Computer Science	Computer & Data Science	Education	talkinghead.frameregular	Talking Head - Center	Single Presenter	IBM_Technology
Productive TWO DAYS In The Life: Chinese New Year Edition	https://www.youtube.com/watch?v=Qhtz_BX625Q	332.0	Jeff_Su_Qhtz_BX625Q	vlog.daily	Personal Anecdotes	Personal Anecdotes/Vlogs	Entertainment	vlog	Selfie Camera (Vlog)	Video Journal (Vlogs)	misc.productreview	Product Reviews	Product Reviews	Reviews	talkinghead.frameregular	Talking Head - Center	Single Presenter	Jeff_Su
Make Your Own Videos For Free: CamStudio Tutorial-P1	https://www.youtube.com/watch?v=QypobeKRIhM	436.0	David_Taylor_QypobeKRIhM	skills.digital.videoediting	Design/Editing Tutorials	Tech & Creative Tutorials	How-To & Tutorials	screencast	Screencast	Screencast	edu.education.pedagogy.teachingtools	Teaching	Teacher Training	Education	talkinghead.framecorner	Talking Head - Corner	Single Presenter	David_Taylor
Could Psychedelics Help Patients in Therapy? | Benjamin Lewis | TED	https://www.youtube.com/watch?v=BH8dSEFxzjo	725.0	TED_BH8dSEFxzjo	wellbeing.alternativemedicine	Alternative Health	Alternative Health	Lifestyle & Wellbeing	persononstage	Person on stage	Single Presenter	edu.medicine.psychiatry	Medicine	Medical Sciences	Education	talkinghead.framecorner	Talking Head - Corner	Single Presenter	TED
3 Makeup Artists Turn a Model Into The Mona Lisa | Triple Take | Allure	https://www.youtube.com/watch?v=QabrOI4zn8Q	864.0	Allure_QabrOI4zn8Q	lifestyle.style.beauty	Beauty & Fashion	Beauty & Fashion	Lifestyle & Wellbeing	paneldiscussion.inperson	Panel Discussion - In Person	Simultaneous Presenters	edu.arts.arthistory	Arts	Arts & Literature	Education	talkinghead.frameregular	Talking Head - Center	Single Presenter	Allure
Pietro Lorenzetti, Birth of the Virgin	https://www.youtube.com/watch?v=Z29bpAW1AUM	250.0	Khan_Academy_Z29bpAW1AUM	edu.arts.arthistory	Arts	Arts & Literature	Education	slides	Slidedeck	Infographics/Slidedeck	edu.arts.architecture	Architecture	Architecture	Education	docustyle	Documentary	Documentary Style (Mixed Format)	Khan_Academy
12 Years a Slave Auditions - Saturday Night Live	https://www.youtube.com/watch?v=yyUNOtRTVuc	258.0	Saturday_Night_Live_yyUNOtRTVuc	entertainment.comedy.parody	Comedy	Comedy	Entertainment	skit	Skit/Parody/Sketch/Short Film	Staged Performance	edu.arts.acting	Arts	Arts & Literature	Education	conversation.casual	Conversations	Simultaneous Presenters	Saturday_Night_Live
Paul Simon and Sabrina Carpenter: Homeward Bound (Live) ‚Äì SNL50	https://www.youtube.com/watch?v=ScFh0zNE0aE	292.0	Saturday_Night_Live_ScFh0zNE0aE	entertainment.music	Music (Entertainment)	Music & Performance	Entertainment	persononstage	Person on stage	Single Presenter	edu.arts.music	Music (Educational)	Arts & Literature	Education	talkinghead.frameregular	Talking Head - Center	Single Presenter	Saturday_Night_Live
Functionalism | Society and Culture | MCAT | Khan Academy	https://www.youtube.com/watch?v=-83vVeSC2_g	342.0	Khan_Academy_-83vVeSC2_g	edu.social.sociology	Social Sciences	Social Sciences	Education	writing.stylus	Digital Writing (use of a cursor)	Instructional	edu.social.anthropology	Social Sciences	Social Sciences	Education	animated.info	Infographics	Infographics/Slidedeck	Khan_Academy
Travis Walton Tells His Story of Alien Abduction	https://www.youtube.com/watch?v=DsiKEBAFmm4	859.0	PowerfulJRE_DsiKEBAFmm4	misc.conspiracy	Conspiracy	Conspiracy	Entertainment	conversation.podcast	Conversations	Simultaneous Presenters	edu.stem.astronomy	Physics/Astronomy	Physical Sciences	Education	conversation.formal	Conversations	Simultaneous Presenters	PowerfulJRE
History of Dentistry - Demons and Tooth Worms - Extra History - Part 1	https://www.youtube.com/watch?v=tlkLbJCtR2k	690.0	Extra_History_tlkLbJCtR2k	edu.medicine.dentistry	Medicine	Medical Sciences	Education	animated.cartoon	Cartoon Characters	Animations	edu.social.history	History	Social Sciences	Education	animated.info	Infographics	Infographics/Slidedeck	Extra_History
CHEESY BUTTERY SPICY GARLIC KNOTS | SAM THE COOKING GUY 4K	https://www.youtube.com/watch?v=Vum-Umvo5P8	801.0	Sam_the_Cooking_Guy_Vum-Umvo5P8	lifestyle.food	Food	Food & Cooking	Entertainment	practicaldemonstration.cooking	Cooking	Cooking	skills.culinary.cooking	Food	Food & Cooking	Entertainment	talkinghead.frameregular	Talking Head - Center	Single Presenter	Sam_the_Cooking_Guy
How to Gain Weight -- Tips Tuesday	https://www.youtube.com/watch?v=7XUHmxx4_dY	279.0	Sam_ONella_Academy_7XUHmxx4_dY	wellbeing.nutrition	Nutrition	Fitness & Nutrition	Lifestyle & Wellbeing	animated.cartoon	Cartoon Characters	Animations	wellbeing.fitness	Fitness	Fitness & Nutrition	Lifestyle & Wellbeing	animated.info	Infographics	Infographics/Slidedeck	Sam_ONella_Academy
When Is The Best Time For Women To Start Hormone Replacement Therapy? (HRT) - Dr. Mary Claire Haver	https://www.youtube.com/watch?v=T5mB6TMNPgM	590.0	Max_Lugavere_T5mB6TMNPgM	edu.medicine.psychiatry	Medicine	Medical Sciences	Education	conversation.podcast	Conversations	Simultaneous Presenters	edu.medicine.physiology	Medicine	Medical Sciences	Education	talkinghead.frameregular	Talking Head - Center	Single Presenter	Max_Lugavere
How Rwanda is Becoming the Singapore of Africa	https://www.youtube.com/watch?v=xX0ozxrZlEQ	783.0	Wendover_Productions_xX0ozxrZlEQ	edu.business.economics	Economics	Business & Economics	Education	docustyle	Documentary	Documentary Style (Mixed Format)	news.politics	News	News	News/Commentary	animated.info	Infographics	Infographics/Slidedeck	Wendover_Productions
Issa Rae Is Extremely Jealous of Kumail Nanjiani‚Äôs Fitness Transformation	https://www.youtube.com/watch?v=kZt6c4Pz3Kw	260.0	Seth_Meyers_kZt6c4Pz3Kw	entertainment.variety.talkshow	Stories/Anecdotes/Celebrity Content	Quizzes, Celebrities & Late Night	Entertainment	paneldiscussion.virtual	Panel Discussion - Virtual	Simultaneous Presenters	entertainment.variety.celebritycontent	Stories/Anecdotes/Celebrity Content	Quizzes, Celebrities & Late Night	Entertainment	conversation.casual	Conversations	Simultaneous Presenters	Seth_Meyers
Anne Hathaway Tries 9 Things She's Never Done Before | Allure	https://www.youtube.com/watch?v=m8ubmPSJ_vI	331.0	Allure_m8ubmPSJ_vI	lifestyle.style.beauty	Beauty & Fashion	Beauty & Fashion	Lifestyle & Wellbeing	talkinghead.frameregular	Talking Head - Center	Single Presenter	entertainment.variety.celebritycontent	Stories/Anecdotes/Celebrity Content	Quizzes, Celebrities & Late Night	Entertainment	animated.graphics	Motion Graphics	Animations	Allure
How Coastal Erosion Works	https://www.youtube.com/watch?v=B08iDMXYtR8	584.0	Practical_Engineering_B08iDMXYtR8	edu.stem.engineering.civil	Engineering	Engineering	Education	practicaldemonstration.engineering	Physical Demo	Physical Demo	edu.stem.environment	Environmental Sciences	Environmental Sciences	Education	animated.info	Infographics	Infographics/Slidedeck	Practical_Engineering
Effective Practice of Musical Instruments	https://www.youtube.com/watch?v=2kikmVr4gCU	256.0	Sprouts_2kikmVr4gCU	edu.arts.music	Music (Educational)	Arts & Literature	Education	animated.comic	Comic Book Style	Animations	edu.arts.performing	Arts	Arts & Literature	Education	animated.graphics	Motion Graphics	Animations	Sprouts
The myth behind the Chinese zodiac - Megan Campisi and Pen-Pen Chen	https://www.youtube.com/watch?v=may2s9j4RLk	263.0	TED_Ed_may2s9j4RLk	religious.culture	Religion & Spirituality	Religion & Spirituality	Religion & Spirituality	animated.info	Infographics	Infographics/Slidedeck	edu.social.history	History	Social Sciences	Education	animated.cartoon	Cartoon Characters	Animations	TED_Ed
Diogenes, the Publicly-Defecating Philosopher	https://www.youtube.com/watch?v=-A3IlRATIsI	262.0	Sam_ONella_Academy_-A3IlRATIsI	edu.humanities.philosophy	Philosophy	Humanities	Education	animated.cartoon	Cartoon Characters	Animations	edu.humanities.ethics	Philosophy	Humanities	Education	animated.graphics	Motion Graphics	Animations	Sam_ONella_Academy
‚ÄòYOU GO TO JAIL‚Äô: CNN hosts stunned as guest explains migrant crimes	https://www.youtube.com/watch?v=dBn7D0AEc98	199.0	Fox_US_News_dBn7D0AEc98	news.politics	News	News	News/Commentary	paneldiscussion.inperson	Panel Discussion - In Person	Simultaneous Presenters	news.domestic	News	News	News/Commentary	conversation.formal	Conversations	Simultaneous Presenters	Fox_US_News
What if we had a Tiger like Body? + more videos | #aumsum #kids #science #education #whatif	https://www.youtube.com/watch?v=N4g6E0luKEk	218.0	AumSum_Time_N4g6E0luKEk	edu.stem.biology.zoology	Biology	Life Sciences	Education	animated.cartoon	Cartoon Characters	Animations	edu.medicine.dentistry	Medicine	Medical Sciences	Education	animated.graphics	Motion Graphics	Animations	AumSum_Time
The Only 10 Exercises You Need To Build Muscle | Sara Saffari	https://www.youtube.com/watch?v=ZGOsBZX-m1Y	674.0	Chris_Williamson_ZGOsBZX-m1Y	wellbeing.fitness	Fitness	Fitness & Nutrition	Lifestyle & Wellbeing	conversation.podcast	Conversations	Simultaneous Presenters	vlog.daily	Personal Anecdotes	Personal Anecdotes/Vlogs	Entertainment	talkinghead.frameregular	Talking Head - Center	Single Presenter	Chris_Williamson
Basic Mechanisms of Cloning, excerpt 1 | MIT 7.01SC Fundamentals of Biology	https://www.youtube.com/watch?v=CdAgzk5tQhs	800.0	MIT_OpenCourseWare_CdAgzk5tQhs	edu.stem.biology.molecularbiology	Biology	Life Sciences	Education	board.chalkboard	Chalkboard	Instructional	edu.stem.biology.genetics	Biology	Life Sciences	Education	classroom	Classroom Lecture	Instructional	MIT_OpenCourseWare
This Day in SNL History: Hunk	https://www.youtube.com/watch?v=Smk5MgtKwpo	733.0	Saturday_Night_Live_Smk5MgtKwpo	entertainment.reality.dating	Relationships	Relationships & Dating	Lifestyle & Wellbeing	skit	Skit/Parody/Sketch/Short Film	Staged Performance	entertainment.comedy.parody	Comedy	Comedy	Entertainment	conversation.casual	Conversations	Simultaneous Presenters	Saturday_Night_Live
Power Under Pressure: Getting it Done (Clip) | Alaska: The Next Generation	https://www.youtube.com/watch?v=5KKz7TRcjdU	201.0	National_Geographic_5KKz7TRcjdU	entertainment.reality.living	Lifestyle	Lifestyle	Lifestyle & Wellbeing	docustyle	Documentary	Documentary Style (Mixed Format)	entertainment.sports.adventure	Sports & Adventure	Sports & Adventure	Entertainment	practicaldemonstration.engineering	Physical Demo	Physical Demo	National_Geographic
Why Don't Dogs Live Longer?	https://www.youtube.com/watch?v=fundOLJehWA	527.0	Cleo_Abram_fundOLJehWA	edu.stem.biology.genetics	Biology	Life Sciences	Education	talkinghead.frameregular	Talking Head - Center	Single Presenter	edu.stem.biology.zoology	Biology	Life Sciences	Education	animated.info	Infographics	Infographics/Slidedeck	Cleo_Abram
Biden‚Äôs Cancer Diagnosis, Severe Weather in Central U.S., the Schools Embracing AI | The Headlines	https://www.youtube.com/watch?v=Imlt86aIgP8	583.0	NYT_Podcasts_Imlt86aIgP8	edu.medicine.oncology	Medicine	Medical Sciences	Education	placeholderdisplay	Static Screen / No video	Static Screen / No video	edu.education.pedagogy.teachingtools	Teaching	Teacher Training	Education	animated.info	Infographics	Infographics/Slidedeck	NYT_Podcasts
Free energy and cell potential | Redox reactions and electrochemistry | Chemistry | Khan Academy	https://www.youtube.com/watch?v=4tcLzVJdxZs	494.0	Khan_Academy_4tcLzVJdxZs	edu.stem.chemistry.organic	Chemistry	Physical Sciences	Education	writing.stylus	Digital Writing (use of a cursor)	Instructional	edu.stem.chemistry.physical	Chemistry	Physical Sciences	Education	animated.graphics	Motion Graphics	Animations	Khan_Academy
Ayahuasca Made Neal Brennan Believe in God	https://www.youtube.com/watch?v=0O05yasj8KM	576.0	PowerfulJRE_0O05yasj8KM	religious.spirituality	Religion & Spirituality	Religion & Spirituality	Religion & Spirituality	conversation.podcast	Conversations	Simultaneous Presenters	edu.humanities.religion	Religion	Humanities	Education	talkinghead.frameregular	Talking Head - Center	Single Presenter	PowerfulJRE
Data Science In 5 Minutes | Data Science For Beginners | What Is Data Science? | Simplilearn	https://www.youtube.com/watch?v=X3paOmcrTjQ	278.0	Simplilearn_X3paOmcrTjQ	edu.stem.engineering.datascience	Data Science	Computer & Data Science	Education	board.whiteboard	Whiteboard	Instructional	edu.stem.math.statistics	Mathematics	Mathematics	Education	writing.hand	Writing Hand (No head visible)	Instructional	Simplilearn
Panic Attacks	https://www.youtube.com/watch?v=Vf7-7zL67Pg	245.0	The_School_of_Life_Vf7-7zL67Pg	wellbeing.mentalhealth	Mental Health	Mental Health	Lifestyle & Wellbeing	animated.graphics	Motion Graphics	Animations	edu.medicine.psychiatry	Medicine	Medical Sciences	Education	animated.info	Infographics	Infographics/Slidedeck	The_School_of_Life
Meet My New Puppy - 12 Weeks Old Samoyed Puppy + New Channel	https://www.youtube.com/watch?v=PC0U8N2AP00	322.0	Cooking_With_Claudia_PC0U8N2AP00	vlog.daily	Personal Anecdotes	Personal Anecdotes/Vlogs	Entertainment	vlog	Selfie Camera (Vlog)	Video Journal (Vlogs)	entertainment.reality.living	Lifestyle	Lifestyle	Lifestyle & Wellbeing	talkinghead.frameregular	Talking Head - Center	Single Presenter	Cooking_With_Claudia
Extranuclear inheritance 1 | Biomolecules | MCAT | Khan Academy	https://www.youtube.com/watch?v=yyM0yIOJ2yE	434.0	Khan_Academy_yyM0yIOJ2yE	edu.stem.biology.genetics	Biology	Life Sciences	Education	writing.stylus	Digital Writing (use of a cursor)	Instructional	edu.stem.biology.cellbiology	Biology	Life Sciences	Education	animated.info	Infographics	Infographics/Slidedeck	Khan_Academy
Resident Evil: Damnation (2012) - Tyrant vs. Lickers Scene (9/10) | Movieclips	https://www.youtube.com/watch?v=AmSH3-1V188	183.0	RottenTomatoes_AmSH3-1V188	entertainment.movies.clips	Movies, Theatre & Drama	Movies, TV & Drama	Entertainment	animated.graphics	Motion Graphics	Animations	edu.arts.architecture	Architecture	Architecture	Education	talkinghead.framecorner	Talking Head - Corner	Single Presenter	RottenTomatoes
CRAFTING FOR MY PETS	https://www.youtube.com/watch?v=OR18WrD-aes	676.0	PewDiePie_OR18WrD-aes	skills.diy.crafts	DIY & Crafts	DIY & Crafts	How-To & Tutorials	crafts.cutouts	Paper Cutouts	Animations	vlog.daily	Personal Anecdotes	Personal Anecdotes/Vlogs	Entertainment	talkinghead.frameregular	Talking Head - Center	Single Presenter	PewDiePie
Tracee Ellis Ross Talks Being Put on Blast by Kanye - Late Night with Seth Meyers	https://www.youtube.com/watch?v=FWksjbnVdPI	228.0	Seth_Meyers_FWksjbnVdPI	entertainment.variety.talkshow	Stories/Anecdotes/Celebrity Content	Quizzes, Celebrities & Late Night	Entertainment	conversation.formal	Conversations	Simultaneous Presenters	entertainment.variety.celebritycontent	Stories/Anecdotes/Celebrity Content	Quizzes, Celebrities & Late Night	Entertainment	talkinghead.frameregular	Talking Head - Center	Single Presenter	Seth_Meyers
Property Law - Leases: Enforceability	https://www.youtube.com/watch?v=WDVfhet2HPc	689.0	The_Law_Simplified_WDVfhet2HPc	edu.social.law	Law	Social Sciences	Education	slides	Slidedeck	Infographics/Slidedeck	edu.stem.engineering.civil	Engineering	Engineering	Education	animation.powerpoint	Slidedeck	Infographics/Slidedeck	The_Law_Simplified
Course Introduction | Essentials of Global Health with Richard Skolnik	https://www.youtube.com/watch?v=kWQugT6WbCE	787.0	YaleCourses_kWQugT6WbCE	edu.medicine.publichealth	Public Health	Medical Sciences	Education	slides	Slidedeck	Infographics/Slidedeck	edu.education.pedagogy.teachingprinciples	Teaching	Teacher Training	Education	talkinghead.frameregular	Talking Head - Center	Single Presenter	YaleCourses
Do We Really Have Free Will?	https://www.youtube.com/watch?v=cjpLPhbCs2U	386.0	SecondThought_cjpLPhbCs2U	edu.humanities.philosophy	Philosophy	Humanities	Education	animated.cartoon	Cartoon Characters	Animations	edu.social.psychology	Psychology	Social Sciences	Education	animated.info	Infographics	Infographics/Slidedeck	SecondThought
Audacity 2018 Basic Editing Tutorial for Beginners: Make Your Voice Sound Good	https://www.youtube.com/watch?v=7fYiUXER97U	576.0	David_Taylor_7fYiUXER97U	skills.digital.videoediting	Design/Editing Tutorials	Tech & Creative Tutorials	How-To & Tutorials	screencast	Screencast	Screencast	growth.careerdevelopment	Personal Development	Personal Development	Lifestyle & Wellbeing	keystrokes	Screencast	Screencast	David_Taylor
Why Trump's Conduct Hasn‚Äôt Tanked His Chances	https://www.youtube.com/watch?v=0Xx2SI8kLZ4	493.0	NYT_Podcasts_0Xx2SI8kLZ4	edu.social.politics	Political Science	Social Sciences	Education	placeholderdisplay	Static Screen / No video	Static Screen / No video	news.politics	News	News	News/Commentary	animated.graphics	Motion Graphics	Animations	NYT_Podcasts
WHO'S MORE CLUTCH: Jalen Brunson or Tyrese Haliburton? üëÄ Stephen A. CONCEDES | First Take	https://www.youtube.com/watch?v=pebF-Khtiew	711.0	ESPN_pebF-Khtiew	entertainment.sports.team	Sports & Adventure	Sports & Adventure	Entertainment	paneldiscussion.inperson	Panel Discussion - In Person	Simultaneous Presenters	news.sports	Sports & Adventure	Sports & Adventure	Entertainment	talkinghead.frameregular	Talking Head - Center	Single Presenter	ESPN
An Interior Designer‚Äôs Own Home Designed as an Escape from the City Life (House Tour)	https://www.youtube.com/watch?v=XkniRxY4vX0	370.0	The_Local_Project_XkniRxY4vX0	lifestyle.home	Home & Garden	Home & Garden	Lifestyle & Wellbeing	docustyle	Documentary	Documentary Style (Mixed Format)	edu.arts.architecture	Architecture	Architecture	Education	pov.realworld	Point of View Camera (Vlog)	Video Journal (Vlogs)	The_Local_Project
Do Students Need Mental Health Supports? Or Are We Just Coddling Them?	https://www.youtube.com/watch?v=GsBODpvAeGs	329.0	Education_Week_GsBODpvAeGs	wellbeing.mentalhealth	Mental Health	Mental Health	Lifestyle & Wellbeing	paneldiscussion.virtual	Panel Discussion - Virtual	Simultaneous Presenters	edu.social.psychology	Psychology	Social Sciences	Education	conversation.formal	Conversations	Simultaneous Presenters	Education_Week
The Diderot Effect	https://www.youtube.com/watch?v=_vGLo_VTVv8	235.0	Nerdwriter1__vGLo_VTVv8	edu.social.sociology	Social Sciences	Social Sciences	Education	talkinghead.frameregular	Talking Head - Center	Single Presenter	edu.humanities.philosophy	Philosophy	Humanities	Education	animated.graphics	Motion Graphics	Animations	Nerdwriter1
Every Force in Nature (Theory of Everything, Part III)	https://www.youtube.com/watch?v=3_RhISgoXUs	418.0	minutephysics_3_RhISgoXUs	edu.stem.physics.electromagnetism	Physics/Astronomy	Physical Sciences	Education	writing.hand	Writing Hand (No head visible)	Instructional	edu.stem.physics.mechanics	Physics/Astronomy	Physical Sciences	Education	animated.info	Infographics	Infographics/Slidedeck	minutephysics
The Problem with Bee Venom Therapy	https://www.youtube.com/watch?v=PBgHGKrvfg0	325.0	SciShow_PBgHGKrvfg0	wellbeing.alternativemedicine	Alternative Health	Alternative Health	Lifestyle & Wellbeing	talkinghead.frameregular	Talking Head - Center	Single Presenter	news.health	News	News	News/Commentary	animated.info	Infographics	Infographics/Slidedeck	SciShow
The One Subject You Really Need to Study: Your Own Childhood	https://www.youtube.com/watch?v=GFKzE52XRmw	533.0	The_School_of_Life_GFKzE52XRmw	wellbeing.mentalhealth	Mental Health	Mental Health	Lifestyle & Wellbeing	animated.cartoon	Cartoon Characters	Animations	edu.social.psychology	Psychology	Social Sciences	Education	animated.graphics	Motion Graphics	Animations	The_School_of_Life
The Best Chat up Lines	https://www.youtube.com/watch?v=IKTd98LzAp8	498.0	The_School_of_Life_IKTd98LzAp8	entertainment.reality.dating	Relationships	Relationships & Dating	Lifestyle & Wellbeing	animated.cartoon	Cartoon Characters	Animations	growth.motivational	Personal Development	Personal Development	Lifestyle & Wellbeing	animated.info	Infographics	Infographics/Slidedeck	The_School_of_Life
What happens when you have a concussion? - Clifford Robbins	https://www.youtube.com/watch?v=xvjK-4NXRsM	375.0	TED_Ed_xvjK-4NXRsM	edu.medicine.neurology	Medicine	Medical Sciences	Education	animated.graphics	Motion Graphics	Animations	edu.stem.neuroscience	Biology	Life Sciences	Education	animated.info	Infographics	Infographics/Slidedeck	TED_Ed
Open-end mutual fund redemptions (part 2)  | Finance & Capital Markets | Khan Academy	https://www.youtube.com/watch?v=nW1rxuQft1o	349.0	Khan_Academy_nW1rxuQft1o	edu.business.finance	Finance	Business & Economics	Education	writing.stylus	Digital Writing (use of a cursor)	Instructional	edu.business.economics	Economics	Business & Economics	Education	animated.info	Infographics	Infographics/Slidedeck	Khan_Academy
Puss in Boots (2011) - Wild Goose Rampage Scene (9/10) | Movieclips	https://www.youtube.com/watch?v=u4gz2yNW_Go	209.0	RottenTomatoes_u4gz2yNW_Go	entertainment.movies.clips	Movies, Theatre & Drama	Movies, TV & Drama	Entertainment	animated.cartoon	Cartoon Characters	Animations	edu.arts.architecture	Architecture	Architecture	Education	animated.graphics	Motion Graphics	Animations	RottenTomatoes
I VI II V I Chord Progression, Drop 2, and Voice Leading | Advanced Music Theory | Berklee Online	https://www.youtube.com/watch?v=uPHPUUkfY4w	323.0	Berklee_uPHPUUkfY4w	edu.arts.music	Music (Educational)	Arts & Literature	Education	board.whiteboard	Whiteboard	Instructional	edu.education.pedagogy.teachingprinciples	Teaching	Teacher Training	Education	writing.hand	Writing Hand (No head visible)	Instructional	Berklee
Hiroshima: The trees that survived an atomic bomb - BBC World Service	https://www.youtube.com/watch?v=UMgj4jyB1gc	255.0	BBC_World_Service_UMgj4jyB1gc	edu.social.history	History	Social Sciences	Education	docustyle	Documentary	Documentary Style (Mixed Format)	edu.stem.biology.botany	Biology	Life Sciences	Education	talkinghead.frameregular	Talking Head - Center	Single Presenter	BBC_World_Service
'This is insane': Hospital ripped for 'woke' policies on patient conduct	https://www.youtube.com/watch?v=x4NKXFY5xr8	347.0	Fox_US_News_x4NKXFY5xr8	news.health	News	News	News/Commentary	paneldiscussion.inperson	Panel Discussion - In Person	Simultaneous Presenters	news.domestic	News	News	News/Commentary	talkinghead.frameregular	Talking Head - Center	Single Presenter	Fox_US_News
"Why ""pop-up"" restaurants are everywhere now"	https://www.youtube.com/watch?v=SoP_lJ0FWoc	365.0	Vox_SoP_lJ0FWoc	edu.business.entrepreneurship	Business	Business & Economics	Education	talkinghead.frameregular	Talking Head - Center	Single Presenter	skills.culinary.cooking	Food	Food & Cooking	Entertainment	practicaldemonstration.cooking	Cooking	Cooking	Vox
What makes a good therapist? | Kati Morton	https://www.youtube.com/watch?v=H6WaMQ7q0EE	266.0	Kati_Morton_H6WaMQ7q0EE	wellbeing.mentalhealth	Mental Health	Mental Health	Lifestyle & Wellbeing	talkinghead.frameregular	Talking Head - Center	Single Presenter	edu.social.psychology	Psychology	Social Sciences	Education	vlog	Selfie Camera (Vlog)	Video Journal (Vlogs)	Kati_Morton
ITALIAN PINWHEEL SANDWICHES | PACK A BETTER SCHOOL LUNCH	https://www.youtube.com/watch?v=MNCgDPZRr2g	336.0	Not_Another_Cooking_Show_MNCgDPZRr2g	lifestyle.food	Food	Food & Cooking	Entertainment	practicaldemonstration.cooking	Cooking	Cooking	skills.culinary.cooking	Food	Food & Cooking	Entertainment	talkinghead.frameregular	Talking Head - Center	Single Presenter	Not_Another_Cooking_Show
Tort Law: The Rules of Private Nuisance	https://www.youtube.com/watch?v=Ij7uNOhoflM	407.0	LawShelf_Ij7uNOhoflM	edu.social.law	Law	Social Sciences	Education	animation.powerpoint	Slidedeck	Infographics/Slidedeck	edu.arts.architecture	Architecture	Architecture	Education	animated.graphics	Motion Graphics	Animations	LawShelf
How to Be Attractive on a Date	https://www.youtube.com/watch?v=JJPIqEu73Ak	360.0	The_School_of_Life_JJPIqEu73Ak	entertainment.reality.dating	Relationships	Relationships & Dating	Lifestyle & Wellbeing	animated.graphics	Motion Graphics	Animations	edu.social.psychology	Psychology	Social Sciences	Education	animated.info	Infographics	Infographics/Slidedeck	The_School_of_Life
The last chief of the Comanches and the fall of an empire - Dustin Tahmahkera	https://www.youtube.com/watch?v=e0uyu9vdd2g	385.0	TED_Ed_e0uyu9vdd2g	edu.social.history	History	Social Sciences	Education	animated.info	Infographics	Infographics/Slidedeck	edu.social.anthropology	Social Sciences	Social Sciences	Education	docustyle	Documentary	Documentary Style (Mixed Format)	TED_Ed
The Halo Effect [Pretty Privilege]	https://www.youtube.com/watch?v=kpjeMaOirvg	269.0	Sprouts_kpjeMaOirvg	edu.social.psychology	Psychology	Social Sciences	Education	animated.comic	Comic Book Style	Animations	edu.social.sociology	Social Sciences	Social Sciences	Education	animated.info	Infographics	Infographics/Slidedeck	Sprouts
World's Largest Challenge!	https://www.youtube.com/watch?v=VWNdhuV6mwA	586.0	MrBeast_Gaming_VWNdhuV6mwA	entertainment.reality.competition	Competition	Competition	Entertainment	gaming	Gaming	Gaming	gaming.gameplay	Gaming	Gaming	Entertainment	screencast	Screencast	Screencast	MrBeast_Gaming
Minecraft | ANGRY SQUIDWARD!! | Sneaky Assassins Minigame	https://www.youtube.com/watch?v=ixZFolOiBJY	763.0	DanTDM_ixZFolOiBJY	gaming.gameplay	Gaming	Gaming	Entertainment	gaming	Gaming	Gaming	entertainment.reality.competition	Competition	Competition	Entertainment	talkinghead.framecorner	Talking Head - Corner	Single Presenter	DanTDM
Last to Survive Raining TNT wins $10,000 - Challenge	https://www.youtube.com/watch?v=c8kWStfQW6M	721.0	MrBeast_Gaming_c8kWStfQW6M	entertainment.reality.competition	Competition	Competition	Entertainment	gaming	Gaming	Gaming	gaming.gameplay	Gaming	Gaming	Entertainment	screencast	Screencast	Screencast	MrBeast_Gaming
Minecraft | FIND THE FAKE TRAYAURUS!! | Sneaky Assassins Minigame	https://www.youtube.com/watch?v=xG_YTPtjMLs	876.0	DanTDM_xG_YTPtjMLs	gaming.gameplay	Gaming	Gaming	Entertainment	gaming	Gaming	Gaming	entertainment.reality.competition	Competition	Competition	Entertainment	talkinghead.framecorner	Talking Head - Corner	Single Presenter	DanTDM
The Craziest 8,000 IQ Among Us Outplay Ever!	https://www.youtube.com/watch?v=wc7K1sakzMs	601.0	MrBeast_Gaming_wc7K1sakzMs	gaming.gameplay	Gaming	Gaming	Entertainment	gaming	Gaming	Gaming	entertainment.reality.competition	Competition	Competition	Entertainment	talkinghead.framecorner	Talking Head - Corner	Single Presenter	MrBeast_Gaming
Bad Breath üéµ Five Night's At Freddy's Security Breach x FGTeeV Official Music Video	https://www.youtube.com/watch?v=2xblwEgjqbM	219.0	FGTeeV_2xblwEgjqbM	entertainment.music	Music (Entertainment)	Music & Performance	Entertainment	gaming	Gaming	Gaming	entertainment.variety.celebritycontent	Stories/Anecdotes/Celebrity Content	Quizzes, Celebrities & Late Night	Entertainment	talkinghead.frameregular	Talking Head - Center	Single Presenter	FGTeeV
I'm HUNGRY WUNGRY but MOMMY LONG LEGS wont let me EAT! Dont Get Caught ü¶ñ Huggy Wuggy Poppy Play Mod	https://www.youtube.com/watch?v=WgTFmJIBdAw	748.0	FGTeeV_WgTFmJIBdAw	gaming.gameplay	Gaming	Gaming	Entertainment	gaming	Gaming	Gaming	vlog.daily	Personal Anecdotes	Personal Anecdotes/Vlogs	Entertainment	screencast	Screencast	Screencast	FGTeeV
THE DANKEST MEMELORD | Trollface Quest Sports	https://www.youtube.com/watch?v=_OYJXd2p_1Q	566.0	jacksepticeye__OYJXd2p_1Q	gaming.gameplay	Gaming	Gaming	Entertainment	gaming	Gaming	Gaming	vlog.daily	Personal Anecdotes	Personal Anecdotes/Vlogs	Entertainment	talkinghead.framecorner	Talking Head - Corner	Single Presenter	jacksepticeye
Extreme $1,000,000 Challenge!	https://www.youtube.com/watch?v=6T67I2w1G2U	643.0	MrBeast_Gaming_6T67I2w1G2U	entertainment.reality.competition	Competition	Competition	Entertainment	gaming	Gaming	Gaming	gaming.gameplay	Gaming	Gaming	Entertainment	talkinghead.framecorner	Talking Head - Corner	Single Presenter	MrBeast_Gaming
